run_id,binary_sha256,variant,backend,access,workload,parallelism,lanes,records,seed,repeat,warmup_requested,seconds_requested,valid,exit_code,error,setup_seconds,warmup_ops,operations,seconds,ops_per_second,p50_ns,p99_ns,errors,handoffs,rocksdb_granted,rocksdb_diverted,peak_rss_bytes,peak_threads_sampled,cpu_user_seconds,cpu_system_seconds,wall_seconds
goexec-memory-sdk-create-p16-c16-r0-n100000-w3-s10-seed20260917,7eed995be3eb2ed6eca0fb46f5bf4bab99ad8e508d72b025da681db2f7daebc0,goexec,memory,sdk,create,16,16,100000,20260917,0,3,10,True,0,,2.121080708,509141,1697164,10.000224625,169712.58783099585,75263,276223,0,0,0,0,8613396480,55,160.722337,16.253811,15.886306417
tokio-memory-sdk-create-p16-c16-r0-n100000-w3-s10-seed20260917,1dda62a344f62068f971e26a499036cbea8a1e7b9a6f36e55d594ec5e894e476,tokio,memory,sdk,create,16,16,100000,20260917,0,3,10,True,0,,2.282385625,605379,2022179,10.000171083,202214.4404546884,72703,133759,0,0,0,0,10205593600,52,188.331291,8.802472,16.273749167
goexec-memory-sdk-update-p4-c16-r1-n100000-w3-s10-seed20260917,7eed995be3eb2ed6eca0fb46f5bf4bab99ad8e508d72b025da681db2f7daebc0,goexec,memory,sdk,update,4,16,100000,20260917,1,3,10,True,0,,2.3860417910000002,334455,1130758,10.000256083,113072.90439514238,67711,593919,0,0,0,0,4842356736,19,54.271963,1.225947,15.470342458000005
tokio-memory-sdk-update-p4-c16-r1-n100000-w3-s10-seed20260917,1dda62a344f62068f971e26a499036cbea8a1e7b9a6f36e55d594ec5e894e476,tokio,memory,sdk,update,4,16,100000,20260917,1,3,10,True,0,,2.35877975,349003,1160341,10.000139,116032.48714842863,96063,548351,0,0,0,0,4974919680,16,53.818625,1.070599,15.445633375
goexec-blocking-rocksdb-sdk-range-p4-c4-r2-n100000-w3-s10-seed20260917,e963d801d8310f2cb89458be25ab0c11ddbbeddc08501d21e1d74f2cc4e7ef50,goexec-blocking,rocksdb,sdk,range,4,4,100000,20260917,2,3,10,True,0,,1.368141042,81639,279633,10.000123417,27962.95488959964,133247,231039,0,0,2237089,0,268140544,54,52.739913,1.37264,14.437845750000001
goexec-rocksdb-sdk-range-p4-c4-r2-n100000-w3-s10-seed20260917,7eed995be3eb2ed6eca0fb46f5bf4bab99ad8e508d72b025da681db2f7daebc0,goexec,rocksdb,sdk,range,4,4,100000,20260917,2,3,10,True,0,,1.368917083,76769,256262,10.000155708,25625.800985778013,150143,238207,0,0,1779073,271048,266829824,54,51.055037,3.21659,14.449175291999993
tokio-rocksdb-sdk-range-p4-c4-r2-n100000-w3-s10-seed20260917,1dda62a344f62068f971e26a499036cbea8a1e7b9a6f36e55d594ec5e894e476,tokio,rocksdb,sdk,range,4,4,100000,20260917,2,3,10,True,0,,1.399589583,75626,262615,10.000152209,26261.100282418713,146687,230015,0,0,1808732,292213,267845632,51,50.739537,2.554178,14.483868541999996
goexec-memory-sdk-read-p4-c16-r0-n100000-w3-s10-seed20260917,7eed995be3eb2ed6eca0fb46f5bf4bab99ad8e508d72b025da681db2f7daebc0,goexec,memory,sdk,read,4,16,100000,20260917,0,3,10,True,0,,2.365261333,344808,1157821,10.000237166,115779.35410737038,66879,579071,0,0,0,0,447561728,19,53.881956,0.638231,15.406718166000005
tokio-memory-sdk-read-p4-c16-r0-n100000-w3-s10-seed20260917,1dda62a344f62068f971e26a499036cbea8a1e7b9a6f36e55d594ec5e894e476,tokio,memory,sdk,read,4,16,100000,20260917,0,3,10,True,0,,2.2878234170000002,342475,1139565,10.000146792,113954.82723430006,97919,552959,0,0,0,0,445087744,16,53.472778,0.46663899999999997,15.307465582999981
tokio-memory-sdk-read-p4-c4-r3-n100000-w3-s10-seed20260917,1dda62a344f62068f971e26a499036cbea8a1e7b9a6f36e55d594ec5e894e476,tokio,memory,sdk,read,4,4,100000,20260917,3,3,10,True,0,,2.27786675,341445,1139404,10.000061666,113939.69737946213,33151,52383,0,0,0,0,444170240,16,52.764498,0.788222,15.311433166
goexec-memory-sdk-read-p4-c4-r3-n100000-w3-s10-seed20260917,7eed995be3eb2ed6eca0fb46f5bf4bab99ad8e508d72b025da681db2f7daebc0,goexec,memory,sdk,read,4,4,100000,20260917,3,3,10,True,0,,2.239609916,326006,1092730,10.000069917,109272.23600130755,34751,52351,0,0,0,0,444235776,19,52.827434,1.604837,15.278956249999993
tokio-memory-sdk-range-p1-c4-r3-n100000-w3-s10-seed20260917,1dda62a344f62068f971e26a499036cbea8a1e7b9a6f36e55d594ec5e894e476,tokio,memory,sdk,range,1,4,100000,20260917,3,3,10,True,0,,2.470120875,51797,173924,10.000202375,17392.048028428024,225023,269055,0,0,0,0,444268544,10,15.120835,0.25254299999999996,15.490517915999988
goexec-memory-sdk-range-p1-c4-r3-n100000-w3-s10-seed20260917,7eed995be3eb2ed6eca0fb46f5bf4bab99ad8e508d72b025da681db2f7daebc0,goexec,memory,sdk,range,1,4,100000,20260917,3,3,10,True,0,,2.274703791,50984,169884,10.000244333,16987.98492746787,231807,268799,0,0,0,0,444071936,13,15.156001,0.43646599999999997,15.314283417000013
tokio-memory-sdk-read-p16-c16-r4-n100000-w3-s10-seed20260917,1dda62a344f62068f971e26a499036cbea8a1e7b9a6f36e55d594ec5e894e476,tokio,memory,sdk,read,16,16,100000,20260917,4,3,10,True,0,,2.35357625,777694,2592659,10.000184959,259261.10473253296,57183,118015,0,0,0,0,450756608,52,172.908626,9.537093,15.381590666999983
goexec-memory-sdk-read-p16-c16-r4-n100000-w3-s10-seed20260917,7eed995be3eb2ed6eca0fb46f5bf4bab99ad8e508d72b025da681db2f7daebc0,goexec,memory,sdk,read,16,16,100000,20260917,4,3,10,True,0,,2.2706210000000002,555344,1843657,10.000366042,184358.95168806062,61759,271103,0,0,0,0,449921024,55,127.677352,23.009224,15.297274999999985
goexec-blocking-rocksdb-sdk-read-p4-c4-r1-n100000-w3-s10-seed20260917,e963d801d8310f2cb89458be25ab0c11ddbbeddc08501d21e1d74f2cc4e7ef50,goexec-blocking,rocksdb,sdk,read,4,4,100000,20260917,1,3,10,True,0,,1.377499458,299045,999475,10.000088541,99946.61506267557,38175,55839,0,0,4997400,0,265338880,54,52.143355,1.501435,14.442252042000007
goexec-rocksdb-sdk-read-p4-c4-r1-n100000-w3-s10-seed20260917,7eed995be3eb2ed6eca0fb46f5bf4bab99ad8e508d72b025da681db2f7daebc0,goexec,rocksdb,sdk,read,4,4,100000,20260917,1,3,10,True,0,,1.370568958,290897,963490,10.000070625,96348.31953999326,38975,64959,0,0,4681049,136420,265256960,54,51.357144,2.418614,14.427963875000017
tokio-rocksdb-sdk-read-p4-c4-r1-n100000-w3-s10-seed20260917,1dda62a344f62068f971e26a499036cbea8a1e7b9a6f36e55d594ec5e894e476,tokio,rocksdb,sdk,read,4,4,100000,20260917,1,3,10,True,0,,1.412696166,295519,977618,10.000056,97761.25253698579,37887,67583,0,0,4750257,137855,265371648,51,50.991562,1.717397,14.487912625000035
goexec-blocking-rocksdb-sdk-create-p4-c16-r3-n100000-w3-s10-seed20260917,e963d801d8310f2cb89458be25ab0c11ddbbeddc08501d21e1d74f2cc4e7ef50,goexec-blocking,rocksdb,sdk,create,4,16,100000,20260917,3,3,10,True,0,,1.397211,200512,326601,10.109939583,32304.940827656777,195455,676863,0,55,1959631,0,1027096576,66,32.159961,6.259559,15.010054000000025
tokio-rocksdb-sdk-create-p4-c16-r3-n100000-w3-s10-seed20260917,1dda62a344f62068f971e26a499036cbea8a1e7b9a6f36e55d594ec5e894e476,tokio,rocksdb,sdk,create,4,16,100000,20260917,3,3,10,True,0,,1.4221812919999999,83651,347492,10.314938084,33688.229359225305,218623,574975,0,0,1846020,238964,880951296,54,27.976111,6.070815,15.722805791999974
goexec-rocksdb-sdk-create-p4-c16-r3-n100000-w3-s10-seed20260917,7eed995be3eb2ed6eca0fb46f5bf4bab99ad8e508d72b025da681db2f7daebc0,goexec,rocksdb,sdk,create,4,16,100000,20260917,3,3,10,True,0,,1.3622760409999999,80325,401228,10.000282,40121.668568946356,211839,641023,0,0,2110614,296775,943652864,57,31.00382,7.026965,15.554536041999995
tokio-memory-sdk-create-p4-c16-r1-n100000-w3-s10-seed20260917,1dda62a344f62068f971e26a499036cbea8a1e7b9a6f36e55d594ec5e894e476,tokio,memory,sdk,create,4,16,100000,20260917,1,3,10,True,0,,2.292544125,262467,874117,10.000232125,87409.67100301184,118399,767999,0,0,0,0,4643274752,16,54.267953,0.97319,15.74590649999999
goexec-memory-sdk-create-p4-c16-r1-n100000-w3-s10-seed20260917,7eed995be3eb2ed6eca0fb46f5bf4bab99ad8e508d72b025da681db2f7daebc0,goexec,memory,sdk,create,4,16,100000,20260917,1,3,10,True,0,,2.266385625,266552,883610,10.000267333,88358.63788202591,80959,761855,0,0,0,0,4693835776,19,54.516016,1.095652,15.702918124999997
goexec-blocking-rocksdb-sdk-range-p16-c64-r4-n100000-w3-s10-seed20260917,e963d801d8310f2cb89458be25ab0c11ddbbeddc08501d21e1d74f2cc4e7ef50,goexec-blocking,rocksdb,sdk,range,16,64,100000,20260917,4,3,10,True,0,,1.386257708,224410,774704,10.001576708,77458.18710567249,448255,3905535,0,11,6197651,0,290684928,90,205.279158,2.960784,14.467241791999982
goexec-rocksdb-sdk-range-p16-c64-r4-n100000-w3-s10-seed20260917,7eed995be3eb2ed6eca0fb46f5bf4bab99ad8e508d72b025da681db2f7daebc0,goexec,rocksdb,sdk,range,16,64,100000,20260917,4,3,10,True,0,,1.392080333,207922,718033,10.001955333,71789.26280853848,481023,4308991,0,0,5744280,9,290455552,90,200.57782,6.075192,14.454790875000015
tokio-rocksdb-sdk-range-p16-c64-r4-n100000-w3-s10-seed20260917,1dda62a344f62068f971e26a499036cbea8a1e7b9a6f36e55d594ec5e894e476,tokio,rocksdb,sdk,range,16,64,100000,20260917,4,3,10,True,0,,1.4016616659999999,216057,760279,10.001451709,76016.86456335617,834047,1791999,0,0,6082231,26,288849920,87,198.956431,5.984014,14.482244207999997
tokio-memory-sdk-create-p16-c16-r3-n100000-w3-s10-seed20260917,1dda62a344f62068f971e26a499036cbea8a1e7b9a6f36e55d594ec5e894e476,tokio,memory,sdk,create,16,16,100000,20260917,3,3,10,True,0,,2.348001667,588503,1959420,10.00017725,195938.52698960912,75263,136831,0,0,0,0,9912090624,52,188.556042,8.99609,16.320593416999998
goexec-memory-sdk-create-p16-c16-r3-n100000-w3-s10-seed20260917,7eed995be3eb2ed6eca0fb46f5bf4bab99ad8e508d72b025da681db2f7daebc0,goexec,memory,sdk,create,16,16,100000,20260917,3,3,10,True,0,,2.265572166,509499,1704545,10.000211958,170450.887157086,74559,275199,0,0,0,0,8641200128,55,159.81778,16.501702,16.06346375000004
goexec-rocksdb-sdk-range-p1-c1-r2-n100000-w3-s10-seed20260917,7eed995be3eb2ed6eca0fb46f5bf4bab99ad8e508d72b025da681db2f7daebc0,goexec,rocksdb,sdk,range,1,1,100000,20260917,2,3,10,True,0,,2.884323833,21082,69656,10.000054166,6965.5622703354065,140799,180607,0,0,0,557269,264962048,48,12.435761,3.990678,15.943468290999988
goexec-blocking-rocksdb-sdk-range-p1-c1-r2-n100000-w3-s10-seed20260917,e963d801d8310f2cb89458be25ab0c11ddbbeddc08501d21e1d74f2cc4e7ef50,goexec-blocking,rocksdb,sdk,range,1,1,100000,20260917,2,3,10,True,0,,1.3617845,32242,108044,10.000068625,10804.325855313817,90495,110399,0,0,864371,0,264699904,48,14.134974,1.164368,14.433129791999988
tokio-rocksdb-sdk-range-p1-c1-r2-n100000-w3-s10-seed20260917,1dda62a344f62068f971e26a499036cbea8a1e7b9a6f36e55d594ec5e894e476,tokio,rocksdb,sdk,range,1,1,100000,20260917,2,3,10,True,0,,3.242163209,20531,68464,10.00002125,6846.385451430916,143231,180735,0,0,0,547738,265125888,45,12.312817,3.946433,16.31359016700003
goexec-memory-sdk-read-p4-c16-r4-n100000-w3-s10-seed20260917,7eed995be3eb2ed6eca0fb46f5bf4bab99ad8e508d72b025da681db2f7daebc0,goexec,memory,sdk,read,4,16,100000,20260917,4,3,10,True,0,,2.228035334,347598,1154027,10.000247333,115399.84578099434,67903,587775,0,0,0,0,446562304,19,53.707158,0.622865,15.270541374999993
tokio-memory-sdk-read-p4-c16-r4-n100000-w3-s10-seed20260917,1dda62a344f62068f971e26a499036cbea8a1e7b9a6f36e55d594ec5e894e476,tokio,memory,sdk,read,4,16,100000,20260917,4,3,10,True,0,,2.368894334,344851,1147999,10.000229458,114797.26588489646,97855,545791,0,0,0,0,445956096,16,53.524499,0.482508,15.404715583999973
goexec-memory-sdk-update-p4-c4-r1-n100000-w3-s10-seed20260917,7eed995be3eb2ed6eca0fb46f5bf4bab99ad8e508d72b025da681db2f7daebc0,goexec,memory,sdk,update,4,4,100000,20260917,1,3,10,True,0,,2.218737125,319012,1062887,10.000071417,106287.94092341232,35967,54463,0,0,0,0,4590813184,19,53.58125,1.9038439999999999,15.270785708999995
tokio-memory-sdk-update-p4-c4-r1-n100000-w3-s10-seed20260917,1dda62a344f62068f971e26a499036cbea8a1e7b9a6f36e55d594ec5e894e476,tokio,memory,sdk,update,4,4,100000,20260917,1,3,10,True,0,,2.414335584,322860,1129778,10.000033292,112977.42387556045,33855,54175,0,0,0,0,4802953216,16,53.339005,1.322575,15.49116591699999
tokio-memory-sdk-create-p4-c16-r4-n100000-w3-s10-seed20260917,1dda62a344f62068f971e26a499036cbea8a1e7b9a6f36e55d594ec5e894e476,tokio,memory,sdk,create,4,16,100000,20260917,4,3,10,True,0,,2.321313833,264927,884094,10.000153333,88408.0444129326,114559,763391,0,0,0,0,4690739200,16,54.395799,0.905669,15.766066833999957
goexec-memory-sdk-create-p4-c16-r4-n100000-w3-s10-seed20260917,7eed995be3eb2ed6eca0fb46f5bf4bab99ad8e508d72b025da681db2f7daebc0,goexec,memory,sdk,create,4,16,100000,20260917,4,3,10,True,0,,2.231052208,264626,884000,10.000250041,88397.78969282674,79551,760831,0,0,0,0,4688052224,19,54.581409,1.015678,15.647211624999954
tokio-memory-sdk-read-p4-c16-r1-n100000-w3-s10-seed20260917,1dda62a344f62068f971e26a499036cbea8a1e7b9a6f36e55d594ec5e894e476,tokio,memory,sdk,read,4,16,100000,20260917,1,3,10,True,0,,2.273790167,348451,1161623,10.00015175,116160.53726384701,96639,538111,0,0,0,0,444792832,16,53.477774,0.45473199999999997,15.29325054100002
goexec-memory-sdk-read-p4-c16-r1-n100000-w3-s10-seed20260917,7eed995be3eb2ed6eca0fb46f5bf4bab99ad8e508d72b025da681db2f7daebc0,goexec,memory,sdk,read,4,16,100000,20260917,1,3,10,True,0,,2.252278709,343948,1142012,10.000319875,114197.54710596194,69439,590335,0,0,0,0,446267392,19,53.819748,0.601783,15.286310334000063
tokio-rocksdb-sdk-read-p1-c1-r1-n100000-w3-s10-seed20260917,1dda62a344f62068f971e26a499036cbea8a1e7b9a6f36e55d594ec5e894e476,tokio,rocksdb,sdk,read,1,1,100000,20260917,1,3,10,True,0,,3.2364919580000002,56434,188229,10.0000305,18822.8425903301,52479,71551,0,0,0,941171,264224768,45,10.202557,6.172556,16.310986041999968
goexec-blocking-rocksdb-sdk-read-p1-c1-r1-n100000-w3-s10-seed20260917,e963d801d8310f2cb89458be25ab0c11ddbbeddc08501d21e1d74f2cc4e7ef50,goexec-blocking,rocksdb,sdk,read,1,1,100000,20260917,1,3,10,True,0,,1.366367666,188614,628722,10.000027583,62872.026580089085,15791,23135,0,0,3143635,0,263782400,48,14.155426,1.904895,14.427739209000038
goexec-rocksdb-sdk-read-p1-c1-r1-n100000-w3-s10-seed20260917,7eed995be3eb2ed6eca0fb46f5bf4bab99ad8e508d72b025da681db2f7daebc0,goexec,rocksdb,sdk,read,1,1,100000,20260917,1,3,10,True,0,,3.010144333,59808,199564,10.000013875,19956.372310533417,49599,72831,0,0,0,997847,263946240,48,10.279879,6.522757,16.06963533299995
goexec-rocksdb-sdk-read-p1-c4-r3-n100000-w3-s10-seed20260917,7eed995be3eb2ed6eca0fb46f5bf4bab99ad8e508d72b025da681db2f7daebc0,goexec,rocksdb,sdk,read,1,4,100000,20260917,3,3,10,True,0,,3.015085791,136680,465164,10.000073,46516.06043275884,84671,131199,0,0,0,2325844,264585216,48,18.668727,11.754994,16.095708833000003
goexec-blocking-rocksdb-sdk-read-p1-c4-r3-n100000-w3-s10-seed20260917,e963d801d8310f2cb89458be25ab0c11ddbbeddc08501d21e1d74f2cc4e7ef50,goexec-blocking,rocksdb,sdk,read,1,4,100000,20260917,3,3,10,True,0,,1.334789,226836,754512,10.000067708,75450.68913847399,52383,67199,0,0,3772585,0,264142848,48,14.241418,0.394409,14.397840374999987
tokio-rocksdb-sdk-read-p1-c4-r3-n100000-w3-s10-seed20260917,1dda62a344f62068f971e26a499036cbea8a1e7b9a6f36e55d594ec5e894e476,tokio,rocksdb,sdk,read,1,4,100000,20260917,3,3,10,True,0,,3.236376083,119397,406510,10.000119417,40650.514563750236,97151,144383,0,0,0,2032576,264929280,45,18.062138,10.582331,16.30147962500007
goexec-memory-sdk-create-p1-c4-r2-n100000-w3-s10-seed20260917,7eed995be3eb2ed6eca0fb46f5bf4bab99ad8e508d72b025da681db2f7daebc0,goexec,memory,sdk,create,1,4,100000,20260917,2,3,10,True,0,,2.247306958,166236,557056,10.000051375,55705.313813950284,69375,88127,0,0,0,0,3104915456,13,15.576456,0.61197,15.490060166000035
tokio-memory-sdk-create-p1-c4-r2-n100000-w3-s10-seed20260917,1dda62a344f62068f971e26a499036cbea8a1e7b9a6f36e55d594ec5e894e476,tokio,memory,sdk,create,1,4,100000,20260917,2,3,10,True,0,,2.359804792,166691,555689,10.000074084,55568.48832641108,71167,131711,0,0,0,0,3101425664,10,15.359667,0.45532,15.591298916000028
goexec-memory-sdk-mixed-p16-c16-r3-n100000-w3-s10-seed20260917,7eed995be3eb2ed6eca0fb46f5bf4bab99ad8e508d72b025da681db2f7daebc0,goexec,memory,sdk,mixed,16,16,100000,20260917,3,3,10,True,0,,2.230841333,582012,1947527,10.000355,194745.78652457838,59423,266751,0,0,0,0,1969831936,55,134.122143,21.690511,15.272233832999973
tokio-memory-sdk-mixed-p16-c16-r3-n100000-w3-s10-seed20260917,1dda62a344f62068f971e26a499036cbea8a1e7b9a6f36e55d594ec5e894e476,tokio,memory,sdk,mixed,16,16,100000,20260917,3,3,10,True,0,,2.4398908329999998,786407,2633373,10.000139584,263333.6242839388,56319,116927,0,0,0,0,2509651968,52,175.296636,9.476841,15.501394541999957
tokio-memory-sdk-create-p1-c1-r3-n100000-w3-s10-seed20260917,1dda62a344f62068f971e26a499036cbea8a1e7b9a6f36e55d594ec5e894e476,tokio,memory,sdk,create,1,1,100000,20260917,3,3,10,True,0,,2.435004125,168308,564703,10.000024,56470.16447160527,15335,30095,0,0,0,0,3137716224,10,15.308377,0.45570499999999997,15.56502070900001
goexec-memory-sdk-create-p1-c1-r3-n100000-w3-s10-seed20260917,7eed995be3eb2ed6eca0fb46f5bf4bab99ad8e508d72b025da681db2f7daebc0,goexec,memory,sdk,create,1,1,100000,20260917,3,3,10,True,0,,2.275904417,134725,452135,10.000025083,45213.38659126241,20047,29423,0,0,0,0,2597044224,13,15.210264,1.6960469999999999,15.39132508299997
goexec-memory-sdk-mixed-p1-c4-r2-n100000-w3-s10-seed20260917,7eed995be3eb2ed6eca0fb46f5bf4bab99ad8e508d72b025da681db2f7daebc0,goexec,memory,sdk,mixed,1,4,100000,20260917,2,3,10,True,0,,2.387352208,252892,845128,10.000041,84512.45349894065,46527,61727,0,0,0,0,1100529664,13,15.361756,0.460094,15.433910583000056
tokio-memory-sdk-mixed-p1-c4-r2-n100000-w3-s10-seed20260917,1dda62a344f62068f971e26a499036cbea8a1e7b9a6f36e55d594ec5e894e476,tokio,memory,sdk,mixed,1,4,100000,20260917,2,3,10,True,0,,2.419933417,251676,835937,10.000062875,83593.17440791591,47487,95679,0,0,0,0,1096237056,10,15.019481,0.31831899999999996,15.466281417000005
tokio-memory-sdk-mixed-p1-c4-r1-n100000-w3-s10-seed20260917,1dda62a344f62068f971e26a499036cbea8a1e7b9a6f36e55d594ec5e894e476,tokio,memory,sdk,mixed,1,4,100000,20260917,1,3,10,True,0,,2.3569765,249075,835700,10.000033,83569.72421991007,47423,95807,0,0,0,0,1091584000,10,14.930305,0.36218999999999996,15.41621658300005
goexec-memory-sdk-mixed-p1-c4-r1-n100000-w3-s10-seed20260917,7eed995be3eb2ed6eca0fb46f5bf4bab99ad8e508d72b025da681db2f7daebc0,goexec,memory,sdk,mixed,1,4,100000,20260917,1,3,10,True,0,,2.2621360839999998,255020,848872,10.000043416,84886.83145533255,46239,62719,0,0,0,0,1103085568,13,15.203002,0.472506,15.307676582999989
tokio-rocksdb-sdk-create-p16-c64-r3-n100000-w3-s10-seed20260917,1dda62a344f62068f971e26a499036cbea8a1e7b9a6f36e55d594ec5e894e476,tokio,rocksdb,sdk,create,16,64,100000,20260917,3,3,10,True,0,,1.393761542,96406,307353,10.003597625,30724.246568243994,557567,9306111,0,0,1835660,8483,878444544,90,44.933378,12.217186,14.851045375000012
goexec-blocking-rocksdb-sdk-create-p16-c64-r3-n100000-w3-s10-seed20260917,e963d801d8310f2cb89458be25ab0c11ddbbeddc08501d21e1d74f2cc4e7ef50,goexec-blocking,rocksdb,sdk,create,16,64,100000,20260917,3,3,10,True,0,,1.359768125,85154,316411,10.002561041,31632.998659348046,609279,9379839,0,692,1898491,0,877101056,106,44.537732,11.278386,14.83272199999999
goexec-rocksdb-sdk-create-p16-c64-r3-n100000-w3-s10-seed20260917,7eed995be3eb2ed6eca0fb46f5bf4bab99ad8e508d72b025da681db2f7daebc0,goexec,rocksdb,sdk,create,16,64,100000,20260917,3,3,10,True,0,,1.3561575000000001,101452,313835,10.00482025,31368.379656795933,635391,9674751,0,0,1868516,14519,886571008,93,45.578983,13.474921,14.831947124999942
tokio-memory-sdk-range-p1-c4-r1-n100000-w3-s10-seed20260917,1dda62a344f62068f971e26a499036cbea8a1e7b9a6f36e55d594ec5e894e476,tokio,memory,sdk,range,1,4,100000,20260917,1,3,10,True,0,,2.364336625,52008,172892,10.000166792,17288.91163478506,226559,275199,0,0,0,0,444432384,10,15.064446,0.20845,15.397952624999903
goexec-memory-sdk-range-p1-c4-r1-n100000-w3-s10-seed20260917,7eed995be3eb2ed6eca0fb46f5bf4bab99ad8e508d72b025da681db2f7daebc0,goexec,memory,sdk,range,1,4,100000,20260917,1,3,10,True,0,,2.239261417,50916,170676,10.000179542,17067.29357039778,231295,265215,0,0,0,0,444235776,13,15.136057,0.376533,15.27284341699999
goexec-blocking-rocksdb-sdk-create-p4-c4-r2-n100000-w3-s10-seed20260917,e963d801d8310f2cb89458be25ab0c11ddbbeddc08501d21e1d74f2cc4e7ef50,goexec-blocking,rocksdb,sdk,create,4,4,100000,20260917,2,3,10,True,0,,1.349125458,122300,340945,10.000081292,34094.222841243674,91967,163199,0,1,2045695,0,907378688,57,27.868414,11.084356,14.821732832999942
tokio-rocksdb-sdk-create-p4-c4-r2-n100000-w3-s10-seed20260917,1dda62a344f62068f971e26a499036cbea8a1e7b9a6f36e55d594ec5e894e476,tokio,rocksdb,sdk,create,4,4,100000,20260917,2,3,10,True,0,,1.4090264590000001,51406,326403,10.000091292,32640.002022893532,83519,165247,0,0,1924303,34140,790069248,54,21.53387,6.687848,14.897150333000013
goexec-rocksdb-sdk-create-p4-c4-r2-n100000-w3-s10-seed20260917,7eed995be3eb2ed6eca0fb46f5bf4bab99ad8e508d72b025da681db2f7daebc0,goexec,rocksdb,sdk,create,4,4,100000,20260917,2,3,10,True,0,,1.360370209,71800,329389,10.000142583,32938.43035397848,91519,177407,0,0,1924933,51426,828342272,57,24.574796,10.084362,14.78081474999999
goexec-blocking-rocksdb-sdk-create-p1-c1-r4-n100000-w3-s10-seed20260917,e963d801d8310f2cb89458be25ab0c11ddbbeddc08501d21e1d74f2cc4e7ef50,goexec-blocking,rocksdb,sdk,create,1,1,100000,20260917,4,3,10,True,0,,1.374131375,51391,165867,10.0000275,16586.654386700437,58047,75711,0,0,995227,0,579485696,50,9.48007,4.344189,14.85187499999995
tokio-rocksdb-sdk-create-p1-c1-r4-n100000-w3-s10-seed20260917,1dda62a344f62068f971e26a499036cbea8a1e7b9a6f36e55d594ec5e894e476,tokio,rocksdb,sdk,create,1,1,100000,20260917,4,3,10,True,0,,3.229203917,30599,104283,10.000082333,10428.21414138451,90815,127679,0,0,0,625724,463437824,46,9.091519,7.530745,16.651815209000006
goexec-rocksdb-sdk-create-p1-c1-r4-n100000-w3-s10-seed20260917,7eed995be3eb2ed6eca0fb46f5bf4bab99ad8e508d72b025da681db2f7daebc0,goexec,rocksdb,sdk,create,1,1,100000,20260917,4,3,10,True,0,,2.899227667,29649,98164,10.000017666,9816.382658378396,99199,128959,0,0,0,589011,454918144,49,9.441205,7.448531,16.316488124999978
goexec-rocksdb-sdk-read-p4-c16-r0-n100000-w3-s10-seed20260917,7eed995be3eb2ed6eca0fb46f5bf4bab99ad8e508d72b025da681db2f7daebc0,goexec,rocksdb,sdk,read,4,16,100000,20260917,0,3,10,True,0,,1.354362458,311459,1034614,10.000209291,103459.23469133124,70463,759295,0,0,4976988,196107,267075584,54,53.151989,1.329301,14.418619165999871
tokio-rocksdb-sdk-read-p4-c16-r0-n100000-w3-s10-seed20260917,1dda62a344f62068f971e26a499036cbea8a1e7b9a6f36e55d594ec5e894e476,tokio,rocksdb,sdk,read,4,16,100000,20260917,0,3,10,True,0,,1.389167875,308825,1028439,10.000237709,102841.45536604864,111679,578047,0,0,4949909,192305,267124736,51,52.88911,1.182732,14.464738040999919
goexec-blocking-rocksdb-sdk-read-p4-c16-r0-n100000-w3-s10-seed20260917,e963d801d8310f2cb89458be25ab0c11ddbbeddc08501d21e1d74f2cc4e7ef50,goexec-blocking,rocksdb,sdk,read,4,16,100000,20260917,0,3,10,True,0,,1.368915208,312318,1036677,10.000211334,103665.50919532798,75647,650751,0,0,5183410,0,267337728,54,52.95292,0.553624,14.43775704099994
goexec-memory-sdk-update-p16-c64-r3-n100000-w3-s10-seed20260917,7eed995be3eb2ed6eca0fb46f5bf4bab99ad8e508d72b025da681db2f7daebc0,goexec,memory,sdk,update,16,64,100000,20260917,3,3,10,True,0,,2.357921625,810715,2727064,10.0010685,272677.2644342952,177535,881151,0,0,0,0,11109433344,55,204.480773,6.841184,15.482862458999989
tokio-memory-sdk-update-p16-c64-r3-n100000-w3-s10-seed20260917,1dda62a344f62068f971e26a499036cbea8a1e7b9a6f36e55d594ec5e894e476,tokio,memory,sdk,update,16,64,100000,20260917,3,3,10,True,0,,2.459574417,832607,2751813,10.000647375,275163.486603786,203519,683007,0,0,0,0,11255398400,52,202.3556,7.007442,15.595795834
goexec-memory-sdk-read-p16-c16-r1-n100000-w3-s10-seed20260917,7eed995be3eb2ed6eca0fb46f5bf4bab99ad8e508d72b025da681db2f7daebc0,goexec,memory,sdk,read,16,16,100000,20260917,1,3,10,True,0,,2.375274416,552639,1843306,10.000206208,184326.7990339425,62143,271615,0,0,0,0,449904640,55,128.276794,22.320487,15.404065374999846
tokio-memory-sdk-read-p16-c16-r1-n100000-w3-s10-seed20260917,1dda62a344f62068f971e26a499036cbea8a1e7b9a6f36e55d594ec5e894e476,tokio,memory,sdk,read,16,16,100000,20260917,1,3,10,True,0,,2.273087125,786871,2635652,10.000136541,263561.60130353965,55967,123583,0,0,0,0,450740224,52,171.360877,9.475441,15.305151667000018
goexec-blocking-rocksdb-sdk-create-p16-c16-r0-n100000-w3-s10-seed20260917,e963d801d8310f2cb89458be25ab0c11ddbbeddc08501d21e1d74f2cc4e7ef50,goexec-blocking,rocksdb,sdk,create,16,16,100000,20260917,0,3,10,True,0,,1.361854208,17446,57613,10.005300667,5758.2477446202265,494847,8503295,0,66,345703,0,378273792,91,11.196369,4.649628,14.526911833999975
tokio-rocksdb-sdk-create-p16-c16-r0-n100000-w3-s10-seed20260917,1dda62a344f62068f971e26a499036cbea8a1e7b9a6f36e55d594ec5e894e476,tokio,rocksdb,sdk,create,16,16,100000,20260917,0,3,10,True,0,,1.358627917,64817,332660,10.001119916,33262.27490461379,193407,7925759,0,0,1995681,298,841646080,90,38.143087,10.28575,14.803319083999895
goexec-rocksdb-sdk-create-p16-c16-r0-n100000-w3-s10-seed20260917,7eed995be3eb2ed6eca0fb46f5bf4bab99ad8e508d72b025da681db2f7daebc0,goexec,rocksdb,sdk,create,16,16,100000,20260917,0,3,10,True,0,,1.332257916,26117,95838,10.000720458,9583.109577204023,397311,8331263,0,0,574754,299,462225408,91,18.82872,9.64623,14.766983624999966
goexec-memory-sdk-range-p1-c1-r3-n100000-w3-s10-seed20260917,7eed995be3eb2ed6eca0fb46f5bf4bab99ad8e508d72b025da681db2f7daebc0,goexec,memory,sdk,range,1,1,100000,20260917,3,3,10,True,0,,2.138951375,43199,145050,10.000055917,14504.918892845028,67135,81855,0,0,0,0,444186624,13,15.07878,1.19562,15.155914707999955
tokio-memory-sdk-range-p1-c1-r3-n100000-w3-s10-seed20260917,1dda62a344f62068f971e26a499036cbea8a1e7b9a6f36e55d594ec5e894e476,tokio,memory,sdk,range,1,1,100000,20260917,3,3,10,True,0,,2.257168041,52691,175754,10.000057,17575.29982079102,55071,73663,0,0,0,0,444383232,10,15.045984,0.12950599999999998,15.291476749999902
goexec-memory-sdk-mixed-p16-c64-r2-n100000-w3-s10-seed20260917,7eed995be3eb2ed6eca0fb46f5bf4bab99ad8e508d72b025da681db2f7daebc0,goexec,memory,sdk,mixed,16,64,100000,20260917,2,3,10,True,0,,2.134466584,961843,3189789,10.000680125,318957.20692296413,156159,732159,0,0,0,0,2963750912,55,205.022206,4.207536,15.222744375000048
tokio-memory-sdk-mixed-p16-c64-r2-n100000-w3-s10-seed20260917,1dda62a344f62068f971e26a499036cbea8a1e7b9a6f36e55d594ec5e894e476,tokio,memory,sdk,mixed,16,64,100000,20260917,2,3,10,True,0,,2.15499975,925907,3127643,10.000598792,312745.5730452825,181375,581119,0,0,0,0,2906324992,52,202.558989,4.066087,15.218153875000098
tokio-memory-sdk-update-p4-c16-r3-n100000-w3-s10-seed20260917,1dda62a344f62068f971e26a499036cbea8a1e7b9a6f36e55d594ec5e894e476,tokio,memory,sdk,update,4,16,100000,20260917,3,3,10,True,0,,2.268612875,349495,1169424,10.000133917,116940.83396343382,95167,548863,0,0,0,0,5002117120,16,53.758058,0.9352199999999999,15.32762333300002
goexec-memory-sdk-update-p4-c16-r3-n100000-w3-s10-seed20260917,7eed995be3eb2ed6eca0fb46f5bf4bab99ad8e508d72b025da681db2f7daebc0,goexec,memory,sdk,update,4,16,100000,20260917,3,3,10,True,0,,2.134326083,352761,1156207,10.000226167,115618.08510045471,65279,581631,0,0,0,0,4973395968,19,53.992631,1.063083,15.203757499999938
goexec-memory-sdk-create-p16-c64-r4-n100000-w3-s10-seed20260917,7eed995be3eb2ed6eca0fb46f5bf4bab99ad8e508d72b025da681db2f7daebc0,goexec,memory,sdk,create,16,64,100000,20260917,4,3,10,True,0,,2.279635417,657661,2119992,10.000995458,211978.09847060527,210303,1198079,0,0,0,0,10775871488,55,207.934107,5.74046,16.33867975000021
tokio-memory-sdk-create-p16-c64-r4-n100000-w3-s10-seed20260917,1dda62a344f62068f971e26a499036cbea8a1e7b9a6f36e55d594ec5e894e476,tokio,memory,sdk,create,16,64,100000,20260917,4,3,10,True,0,,2.289958917,665453,2115218,10.000926459,211502.2051878484,253695,939519,0,0,0,0,10786570240,52,206.464952,5.681325,16.462931791999836
goexec-blocking-rocksdb-sdk-mixed-p1-c4-r4-n100000-w3-s10-seed20260917,e963d801d8310f2cb89458be25ab0c11ddbbeddc08501d21e1d74f2cc4e7ef50,goexec-blocking,rocksdb,sdk,mixed,1,4,100000,20260917,4,3,10,True,0,,1.361510625,188581,607631,10.000047209,60762.813144835425,47487,231167,0,7,3038174,0,842104832,50,14.673604,2.721524,14.55671858400001
tokio-rocksdb-sdk-mixed-p1-c4-r4-n100000-w3-s10-seed20260917,1dda62a344f62068f971e26a499036cbea8a1e7b9a6f36e55d594ec5e894e476,tokio,rocksdb,sdk,mixed,1,4,100000,20260917,4,3,10,True,0,,3.229964584,124105,410678,10.000111584,41067.341754173765,91711,169087,0,0,0,2053416,394838016,45,18.72016,11.694038,16.324471208999967
goexec-rocksdb-sdk-mixed-p1-c4-r4-n100000-w3-s10-seed20260917,7eed995be3eb2ed6eca0fb46f5bf4bab99ad8e508d72b025da681db2f7daebc0,goexec,rocksdb,sdk,mixed,1,4,100000,20260917,4,3,10,True,0,,2.951077667,130000,432831,10.000109959,43282.62406859401,85439,163967,0,0,0,2164176,661372928,48,19.490815,12.573301,16.12611287499999
tokio-rocksdb-sdk-create-p16-c64-r2-n100000-w3-s10-seed20260917,1dda62a344f62068f971e26a499036cbea8a1e7b9a6f36e55d594ec5e894e476,tokio,rocksdb,sdk,create,16,64,100000,20260917,2,3,10,True,0,,1.3984656659999999,99269,318359,10.001492542,31831.14906731088,598527,8351743,0,0,1900708,9471,894140416,90,46.446222,12.864127,14.838512042000048
goexec-blocking-rocksdb-sdk-create-p16-c64-r2-n100000-w3-s10-seed20260917,e963d801d8310f2cb89458be25ab0c11ddbbeddc08501d21e1d74f2cc4e7ef50,goexec-blocking,rocksdb,sdk,create,16,64,100000,20260917,2,3,10,True,0,,1.359839292,97442,334850,10.007709167,33459.20573952666,613887,8601599,0,1828,2009119,0,912703488,115,46.723727,12.853231,14.822181750000027
goexec-rocksdb-sdk-create-p16-c64-r2-n100000-w3-s10-seed20260917,7eed995be3eb2ed6eca0fb46f5bf4bab99ad8e508d72b025da681db2f7daebc0,goexec,rocksdb,sdk,create,16,64,100000,20260917,2,3,10,True,0,,1.341393625,103109,379782,10.004874708,37959.695756741705,599551,8122367,0,0,2269922,8795,970162176,93,52.990486,15.705887,14.826528374999953
goexec-memory-sdk-create-p16-c64-r1-n100000-w3-s10-seed20260917,7eed995be3eb2ed6eca0fb46f5bf4bab99ad8e508d72b025da681db2f7daebc0,goexec,memory,sdk,create,16,64,100000,20260917,1,3,10,True,0,,2.289856333,655187,2158413,10.000855917,215822.82735730766,209023,1171455,0,0,0,0,10908893184,55,207.473998,6.041271,16.323197042000174
tokio-memory-sdk-create-p16-c64-r1-n100000-w3-s10-seed20260917,1dda62a344f62068f971e26a499036cbea8a1e7b9a6f36e55d594ec5e894e476,tokio,memory,sdk,create,16,64,100000,20260917,1,3,10,True,0,,2.350608041,647783,2163333,10.000943125,216312.89898971404,247807,912895,0,0,0,0,10901684224,52,207.032961,5.246182,16.524580000000014
tokio-rocksdb-sdk-update-p16-c16-r2-n100000-w3-s10-seed20260917,1dda62a344f62068f971e26a499036cbea8a1e7b9a6f36e55d594ec5e894e476,tokio,rocksdb,sdk,update,16,16,100000,20260917,2,3,10,True,0,,1.382103625,80169,251822,10.001002709,25179.675211304857,190591,6918143,0,0,1258706,423,1200832512,89,26.661826,8.475389,14.506359417000112
goexec-blocking-rocksdb-sdk-update-p16-c16-r2-n100000-w3-s10-seed20260917,e963d801d8310f2cb89458be25ab0c11ddbbeddc08501d21e1d74f2cc4e7ef50,goexec-blocking,rocksdb,sdk,update,16,16,100000,20260917,2,3,10,True,0,,1.381999583,23631,63215,10.00677425,6317.220556864267,495615,7294975,0,61,316094,0,383041536,91,10.866402,5.341697,14.533476707999853
goexec-rocksdb-sdk-update-p16-c16-r2-n100000-w3-s10-seed20260917,7eed995be3eb2ed6eca0fb46f5bf4bab99ad8e508d72b025da681db2f7daebc0,goexec,rocksdb,sdk,update,16,16,100000,20260917,2,3,10,True,0,,1.354619917,18462,63045,10.000507709,6304.179931111135,501503,7319551,0,0,314346,904,378372096,90,10.507878,5.193122,14.456769417000032
tokio-memory-sdk-mixed-p1-c4-r3-n100000-w3-s10-seed20260917,1dda62a344f62068f971e26a499036cbea8a1e7b9a6f36e55d594ec5e894e476,tokio,memory,sdk,mixed,1,4,100000,20260917,3,3,10,True,0,,2.3032715,253176,840805,10.00007025,84079.90933863689,47263,95935,0,0,0,0,1097367552,10,14.892572,0.331418,15.34273295800017
goexec-memory-sdk-mixed-p1-c4-r3-n100000-w3-s10-seed20260917,7eed995be3eb2ed6eca0fb46f5bf4bab99ad8e508d72b025da681db2f7daebc0,goexec,memory,sdk,mixed,1,4,100000,20260917,3,3,10,True,0,,2.244981833,253789,842944,10.000030583,84294.14220322491,46591,63167,0,0,0,0,1098317824,13,15.191639,0.5133139999999999,15.304223083000124
goexec-memory-sdk-create-p4-c16-r2-n100000-w3-s10-seed20260917,7eed995be3eb2ed6eca0fb46f5bf4bab99ad8e508d72b025da681db2f7daebc0,goexec,memory,sdk,create,4,16,100000,20260917,2,3,10,True,0,,2.220588584,265169,890990,10.000275959,89096.54130075593,80959,755711,0,0,0,0,4715855872,19,54.493527,1.108512,15.64157524999996
tokio-memory-sdk-create-p4-c16-r2-n100000-w3-s10-seed20260917,1dda62a344f62068f971e26a499036cbea8a1e7b9a6f36e55d594ec5e894e476,tokio,memory,sdk,create,4,16,100000,20260917,2,3,10,True,0,,2.232459125,269373,900627,10.000195166,90060.94231661319,112831,751615,0,0,0,0,4768104448,16,54.23374,0.943969,15.68074337500002
goexec-rocksdb-sdk-mixed-p16-c64-r2-n100000-w3-s10-seed20260917,7eed995be3eb2ed6eca0fb46f5bf4bab99ad8e508d72b025da681db2f7daebc0,goexec,rocksdb,sdk,mixed,16,64,100000,20260917,2,3,10,True,0,,1.378782167,551451,1755163,10.000887417,175500.72576724418,246655,1502207,0,0,8774789,1051,1663746048,92,157.178942,35.81441,14.526295625000103
goexec-blocking-rocksdb-sdk-mixed-p16-c64-r2-n100000-w3-s10-seed20260917,e963d801d8310f2cb89458be25ab0c11ddbbeddc08501d21e1d74f2cc4e7ef50,goexec-blocking,rocksdb,sdk,mixed,16,64,100000,20260917,2,3,10,True,0,,1.367929459,644955,1993017,10.000882625,199284.1106861806,222591,1275903,0,53,9965110,0,1749090304,98,173.81831,21.173323,14.52293104200021
tokio-rocksdb-sdk-mixed-p16-c64-r2-n100000-w3-s10-seed20260917,1dda62a344f62068f971e26a499036cbea8a1e7b9a6f36e55d594ec5e894e476,tokio,rocksdb,sdk,mixed,16,64,100000,20260917,2,3,10,True,0,,1.386840834,538379,1627046,10.01390875,162478.61255975594,291839,1186815,0,0,8134594,655,1638711296,89,150.853635,32.171212,14.684480625000106
goexec-memory-sdk-range-p1-c4-r2-n100000-w3-s10-seed20260917,7eed995be3eb2ed6eca0fb46f5bf4bab99ad8e508d72b025da681db2f7daebc0,goexec,memory,sdk,range,1,4,100000,20260917,2,3,10,True,0,,2.283075541,51028,170772,10.000246875,17076.77841703283,230911,264959,0,0,0,0,444366848,13,15.173199,0.38759299999999997,15.326013458000034
tokio-memory-sdk-range-p1-c4-r2-n100000-w3-s10-seed20260917,1dda62a344f62068f971e26a499036cbea8a1e7b9a6f36e55d594ec5e894e476,tokio,memory,sdk,range,1,4,100000,20260917,2,3,10,True,0,,2.443395625,52022,173061,10.000168542,17305.808324445337,226559,266751,0,0,0,0,444465152,10,15.130596,0.22397599999999998,15.487516458999835
goexec-rocksdb-sdk-update-p4-c4-r0-n100000-w3-s10-seed20260917,7eed995be3eb2ed6eca0fb46f5bf4bab99ad8e508d72b025da681db2f7daebc0,goexec,rocksdb,sdk,update,4,4,100000,20260917,0,3,10,True,0,,1.357458417,131372,442722,10.000061,44271.929941227354,87295,145535,0,0,2162594,51041,1805647872,56,27.858345,14.531565,14.525981457999933
goexec-blocking-rocksdb-sdk-update-p4-c4-r0-n100000-w3-s10-seed20260917,e963d801d8310f2cb89458be25ab0c11ddbbeddc08501d21e1d74f2cc4e7ef50,goexec-blocking,rocksdb,sdk,update,4,4,100000,20260917,0,3,10,True,0,,1.3461946249999999,131642,452656,10.000093083,45265.1786581375,85695,141951,0,0,2263299,0,1827241984,56,28.025112,13.788699,14.525256708999905
tokio-rocksdb-sdk-update-p4-c4-r0-n100000-w3-s10-seed20260917,1dda62a344f62068f971e26a499036cbea8a1e7b9a6f36e55d594ec5e894e476,tokio,rocksdb,sdk,update,4,4,100000,20260917,0,3,10,True,0,,1.3914405,142936,403695,10.0001045,40369.0781431334,81151,198655,0,0,1985058,33442,1736130560,53,23.690716,9.380489,14.545707708999998
tokio-rocksdb-sdk-read-p4-c4-r0-n100000-w3-s10-seed20260917,1dda62a344f62068f971e26a499036cbea8a1e7b9a6f36e55d594ec5e894e476,tokio,rocksdb,sdk,read,4,4,100000,20260917,0,3,10,True,0,,1.381021125,297857,990743,10.000048333,99073.82114650025,37759,61599,0,0,4813926,139814,265371648,51,51.225645,1.608381,14.459559417000037
goexec-rocksdb-sdk-read-p4-c4-r0-n100000-w3-s10-seed20260917,7eed995be3eb2ed6eca0fb46f5bf4bab99ad8e508d72b025da681db2f7daebc0,goexec,rocksdb,sdk,read,4,4,100000,20260917,0,3,10,True,0,,1.346497125,291337,977802,10.000048042,97779.73024661995,38591,60799,0,0,4762047,126982,265043968,54,51.516239,2.188262,14.426464708999902
goexec-blocking-rocksdb-sdk-read-p4-c4-r0-n100000-w3-s10-seed20260917,e963d801d8310f2cb89458be25ab0c11ddbbeddc08501d21e1d74f2cc4e7ef50,goexec-blocking,rocksdb,sdk,read,4,4,100000,20260917,0,3,10,True,0,,1.3604281249999999,302493,1007071,10.000078,100706.31449074697,38111,54559,0,0,5035374,0,265289728,54,52.294623,1.343955,14.423055750000003
goexec-rocksdb-sdk-mixed-p4-c16-r3-n100000-w3-s10-seed20260917,7eed995be3eb2ed6eca0fb46f5bf4bab99ad8e508d72b025da681db2f7daebc0,goexec,rocksdb,sdk,mixed,4,16,100000,20260917,3,3,10,True,0,,1.354040375,288948,937034,10.000289417,93700.68814279398,111551,783871,0,0,4277550,407645,980942848,54,53.272821,6.200945,14.565641458999835
goexec-blocking-rocksdb-sdk-mixed-p4-c16-r3-n100000-w3-s10-seed20260917,e963d801d8310f2cb89458be25ab0c11ddbbeddc08501d21e1d74f2cc4e7ef50,goexec-blocking,rocksdb,sdk,mixed,4,16,100000,20260917,3,3,10,True,0,,1.3734003750000001,297209,959828,10.000259416,95980.31011718707,87487,793087,0,26,4799159,0,987070464,59,52.849137,4.290666,14.567198125000004
tokio-rocksdb-sdk-mixed-p4-c16-r3-n100000-w3-s10-seed20260917,1dda62a344f62068f971e26a499036cbea8a1e7b9a6f36e55d594ec5e894e476,tokio,rocksdb,sdk,mixed,4,16,100000,20260917,3,3,10,True,0,,1.382489916,279710,944979,10.000234917,94495.68013583095,139391,585215,0,0,4301894,423026,980779008,51,52.804748,5.948021,14.594463666000138
goexec-rocksdb-sdk-create-p4-c4-r4-n100000-w3-s10-seed20260917,7eed995be3eb2ed6eca0fb46f5bf4bab99ad8e508d72b025da681db2f7daebc0,goexec,rocksdb,sdk,create,4,4,100000,20260917,4,3,10,True,0,,1.355136708,60593,323318,10.000079542,32331.542828442034,92479,172031,0,0,1893893,46040,797147136,57,23.465562,9.868055,14.866940416000034
goexec-blocking-rocksdb-sdk-create-p4-c4-r4-n100000-w3-s10-seed20260917,e963d801d8310f2cb89458be25ab0c11ddbbeddc08501d21e1d74f2cc4e7ef50,goexec-blocking,rocksdb,sdk,create,4,4,100000,20260917,4,3,10,True,0,,1.376295625,79011,336666,10.000082209,33666.32323252334,91071,163583,0,0,2020021,0,849166336,57,25.282234,9.874621,14.814861625000049
tokio-rocksdb-sdk-create-p4-c4-r4-n100000-w3-s10-seed20260917,1dda62a344f62068f971e26a499036cbea8a1e7b9a6f36e55d594ec5e894e476,tokio,rocksdb,sdk,create,4,4,100000,20260917,4,3,10,True,0,,1.398935875,66033,305339,10.041533042,30407.607954171985,86719,200575,0,0,1801218,30841,782139392,54,21.032088,6.815026,14.882859875000122
tokio-rocksdb-sdk-read-p1-c1-r2-n100000-w3-s10-seed20260917,1dda62a344f62068f971e26a499036cbea8a1e7b9a6f36e55d594ec5e894e476,tokio,rocksdb,sdk,read,1,1,100000,20260917,2,3,10,True,0,,3.244972625,58395,194629,10.00001525,19462.87031912276,50143,71487,0,0,0,973171,264273920,45,10.158834,6.184413,16.316675959000122
goexec-rocksdb-sdk-read-p1-c1-r2-n100000-w3-s10-seed20260917,7eed995be3eb2ed6eca0fb46f5bf4bab99ad8e508d72b025da681db2f7daebc0,goexec,rocksdb,sdk,read,1,1,100000,20260917,2,3,10,True,0,,3.007033,59934,199914,10.000035416,19991.32919870851,49183,72511,0,0,0,999591,263979008,48,10.334777,6.416349,16.084085290999838
goexec-blocking-rocksdb-sdk-read-p1-c1-r2-n100000-w3-s10-seed20260917,e963d801d8310f2cb89458be25ab0c11ddbbeddc08501d21e1d74f2cc4e7ef50,goexec-blocking,rocksdb,sdk,read,1,1,100000,20260917,2,3,10,True,0,,1.35101425,187450,625271,10.000031959,62526.90017027975,15919,23423,0,0,3126380,0,264011776,48,14.142167,1.835481,14.409234916999822
tokio-memory-sdk-update-p1-c4-r3-n100000-w3-s10-seed20260917,1dda62a344f62068f971e26a499036cbea8a1e7b9a6f36e55d594ec5e894e476,tokio,memory,sdk,update,1,4,100000,20260917,3,3,10,True,0,,2.436553541,219987,731325,10.000078375,73131.92682852349,54111,107903,0,0,0,0,3294052352,10,15.333767,0.47785,15.506386082999825
goexec-memory-sdk-update-p1-c4-r3-n100000-w3-s10-seed20260917,7eed995be3eb2ed6eca0fb46f5bf4bab99ad8e508d72b025da681db2f7daebc0,goexec,memory,sdk,update,1,4,100000,20260917,3,3,10,True,0,,2.238726375,218332,728136,10.000033209,72813.35819411877,54239,71679,0,0,0,0,3280158720,13,15.473587,0.628832,15.304443250000077
goexec-rocksdb-sdk-mixed-p4-c4-r4-n100000-w3-s10-seed20260917,7eed995be3eb2ed6eca0fb46f5bf4bab99ad8e508d72b025da681db2f7daebc0,goexec,rocksdb,sdk,mixed,4,4,100000,20260917,4,3,10,True,0,,1.339412375,237868,770624,10.000057458,77061.95721740622,42943,110463,0,0,3658664,194481,907182080,54,44.288772,8.569617,14.530919584000003
tokio-rocksdb-sdk-mixed-p4-c4-r4-n100000-w3-s10-seed20260917,1dda62a344f62068f971e26a499036cbea8a1e7b9a6f36e55d594ec5e894e476,tokio,rocksdb,sdk,mixed,4,4,100000,20260917,4,3,10,True,0,,1.3549423329999999,248856,815279,10.000046083,81527.52429670977,40511,100863,0,0,3870069,206348,921583616,51,44.353624,6.561193,14.553529540999989
goexec-blocking-rocksdb-sdk-mixed-p4-c4-r4-n100000-w3-s10-seed20260917,e963d801d8310f2cb89458be25ab0c11ddbbeddc08501d21e1d74f2cc4e7ef50,goexec-blocking,rocksdb,sdk,mixed,4,4,100000,20260917,4,3,10,True,0,,1.3408167500000001,250038,824089,10.000073208,82408.29670534148,40959,98559,0,0,4120464,0,924975104,54,45.55319,7.049393,14.530007290999947
tokio-memory-sdk-mixed-p4-c16-r4-n100000-w3-s10-seed20260917,1dda62a344f62068f971e26a499036cbea8a1e7b9a6f36e55d594ec5e894e476,tokio,memory,sdk,mixed,4,16,100000,20260917,4,3,10,True,0,,2.161258792,347981,1162502,10.000189208,116248.00049483223,95615,547327,0,0,0,0,1351352320,16,53.541269,0.44942499999999996,15.192015042000094
goexec-memory-sdk-mixed-p4-c16-r4-n100000-w3-s10-seed20260917,7eed995be3eb2ed6eca0fb46f5bf4bab99ad8e508d72b025da681db2f7daebc0,goexec,memory,sdk,mixed,4,16,100000,20260917,4,3,10,True,0,,2.22254225,343860,1143648,10.000247667,114361.96763145627,67903,585727,0,0,0,0,1338114048,19,53.964777,0.550383,15.25809900000013
tokio-memory-sdk-range-p4-c16-r0-n100000-w3-s10-seed20260917,1dda62a344f62068f971e26a499036cbea8a1e7b9a6f36e55d594ec5e894e476,tokio,memory,sdk,range,4,16,100000,20260917,0,3,10,True,0,,2.123495875,104058,351535,10.000415458,35152.039580394,464127,920575,0,0,0,0,447922176,16,53.611383,0.355031,15.161112624999987
goexec-memory-sdk-range-p4-c16-r0-n100000-w3-s10-seed20260917,7eed995be3eb2ed6eca0fb46f5bf4bab99ad8e508d72b025da681db2f7daebc0,goexec,memory,sdk,range,4,16,100000,20260917,0,3,10,True,0,,2.1269365000000002,98345,329321,10.000460958,32930.582038476474,256383,2279423,0,0,0,0,447856640,19,53.79446,0.49073999999999995,15.171228541000119
goexec-memory-sdk-create-p4-c4-r4-n100000-w3-s10-seed20260917,7eed995be3eb2ed6eca0fb46f5bf4bab99ad8e508d72b025da681db2f7daebc0,goexec,memory,sdk,create,4,4,100000,20260917,4,3,10,True,0,,2.230278709,257969,868835,10.000065416,86882.93164661434,42559,62015,0,0,0,0,4590059520,19,54.067292,1.664869,15.585159332999865
tokio-memory-sdk-create-p4-c4-r4-n100000-w3-s10-seed20260917,1dda62a344f62068f971e26a499036cbea8a1e7b9a6f36e55d594ec5e894e476,tokio,memory,sdk,create,4,4,100000,20260917,4,3,10,True,0,,2.17437725,262975,880747,10.000062792,88074.14696481638,41855,62431,0,0,0,0,4660428800,16,53.78698,0.9951479999999999,15.566640084000028
goexec-memory-sdk-mixed-p1-c1-r1-n100000-w3-s10-seed20260917,7eed995be3eb2ed6eca0fb46f5bf4bab99ad8e508d72b025da681db2f7daebc0,goexec,memory,sdk,mixed,1,1,100000,20260917,1,3,10,True,0,,2.161408542,205962,689396,10.000021292,68939.45321411622,13879,20015,0,0,0,0,979664896,13,15.141918,1.864091,15.196155458000021
tokio-memory-sdk-mixed-p1-c1-r1-n100000-w3-s10-seed20260917,1dda62a344f62068f971e26a499036cbea8a1e7b9a6f36e55d594ec5e894e476,tokio,memory,sdk,mixed,1,1,100000,20260917,1,3,10,True,0,,2.238820125,257343,854088,10.0000085,85408.7274025817,10751,25551,0,0,0,0,1108606976,10,14.934496,0.241107,15.274821875000043
tokio-memory-sdk-update-p1-c4-r4-n100000-w3-s10-seed20260917,1dda62a344f62068f971e26a499036cbea8a1e7b9a6f36e55d594ec5e894e476,tokio,memory,sdk,update,1,4,100000,20260917,4,3,10,True,0,,2.247961167,226096,751358,10.00005725,75135.36985000761,52927,105535,0,0,0,0,3373301760,10,15.159862,0.391061,15.300768541999787
goexec-memory-sdk-update-p1-c4-r4-n100000-w3-s10-seed20260917,7eed995be3eb2ed6eca0fb46f5bf4bab99ad8e508d72b025da681db2f7daebc0,goexec,memory,sdk,update,1,4,100000,20260917,4,3,10,True,0,,2.171599166,224956,750896,10.000065042,75089.1116054003,52767,67135,0,0,0,0,3368402944,13,15.456224,0.497608,15.215028040999869
tokio-rocksdb-sdk-mixed-p4-c16-r2-n100000-w3-s10-seed20260917,1dda62a344f62068f971e26a499036cbea8a1e7b9a6f36e55d594ec5e894e476,tokio,rocksdb,sdk,mixed,4,16,100000,20260917,2,3,10,True,0,,1.360848458,291653,953381,10.000252,95335.69754042198,137087,584191,0,0,4375800,391130,986005504,51,53.126759,5.841782,14.552478542000017
goexec-rocksdb-sdk-mixed-p4-c16-r2-n100000-w3-s10-seed20260917,7eed995be3eb2ed6eca0fb46f5bf4bab99ad8e508d72b025da681db2f7daebc0,goexec,rocksdb,sdk,mixed,4,16,100000,20260917,2,3,10,True,0,,1.3460793340000001,297010,958544,10.00026375,95851.87190687846,107519,770559,0,0,4399106,393639,987201536,54,53.387987,5.800434,14.545497042000079
goexec-blocking-rocksdb-sdk-mixed-p4-c16-r2-n100000-w3-s10-seed20260917,e963d801d8310f2cb89458be25ab0c11ddbbeddc08501d21e1d74f2cc4e7ef50,goexec-blocking,rocksdb,sdk,mixed,4,16,100000,20260917,2,3,10,True,0,,1.3300393750000001,294308,954719,10.000281042,95469.21691403401,87359,798207,0,11,4773620,0,985743360,64,52.694108,4.384744,14.533352957999796
goexec-rocksdb-sdk-range-p1-c1-r4-n100000-w3-s10-seed20260917,7eed995be3eb2ed6eca0fb46f5bf4bab99ad8e508d72b025da681db2f7daebc0,goexec,rocksdb,sdk,range,1,1,100000,20260917,4,3,10,True,0,,2.876848417,21965,72725,10.000123125,7272.41045844623,135679,165631,0,0,0,581821,264536064,48,12.588605,3.8174609999999998,15.938208250000116
goexec-blocking-rocksdb-sdk-range-p1-c1-r4-n100000-w3-s10-seed20260917,e963d801d8310f2cb89458be25ab0c11ddbbeddc08501d21e1d74f2cc4e7ef50,goexec-blocking,rocksdb,sdk,range,1,1,100000,20260917,4,3,10,True,0,,1.3389977499999999,32619,109487,10.000067083,10948.626553328493,89919,104703,0,0,875915,0,264601600,48,14.284524,0.939101,14.403875708000214
tokio-rocksdb-sdk-range-p1-c1-r4-n100000-w3-s10-seed20260917,1dda62a344f62068f971e26a499036cbea8a1e7b9a6f36e55d594ec5e894e476,tokio,rocksdb,sdk,range,1,1,100000,20260917,4,3,10,True,0,,3.185829667,21194,71099,10.000027208,7109.880655436712,138495,168319,0,0,0,568818,265060352,45,12.421923,3.772697,16.259895874999984
tokio-memory-sdk-update-p4-c16-r0-n100000-w3-s10-seed20260917,1dda62a344f62068f971e26a499036cbea8a1e7b9a6f36e55d594ec5e894e476,tokio,memory,sdk,update,4,16,100000,20260917,0,3,10,True,0,,2.200112083,333542,1126073,10.00026325,112604.33569086294,98751,564735,0,0,0,0,4825874432,16,53.558569,1.01438,15.252162332999887
goexec-memory-sdk-update-p4-c16-r0-n100000-w3-s10-seed20260917,7eed995be3eb2ed6eca0fb46f5bf4bab99ad8e508d72b025da681db2f7daebc0,goexec,memory,sdk,update,4,16,100000,20260917,0,3,10,True,0,,2.229910292,336899,1156105,10.000308875,115606.92919097461,65919,579583,0,0,0,0,4926128128,19,54.183082,1.152285,15.30012595800008
tokio-memory-sdk-range-p1-c4-r4-n100000-w3-s10-seed20260917,1dda62a344f62068f971e26a499036cbea8a1e7b9a6f36e55d594ec5e894e476,tokio,memory,sdk,range,1,4,100000,20260917,4,3,10,True,0,,2.432228625,52316,173765,10.000168375,17376.20742810743,225919,262143,0,0,0,0,444203008,10,15.121053,0.225595,15.458494542000153
goexec-memory-sdk-range-p1-c4-r4-n100000-w3-s10-seed20260917,7eed995be3eb2ed6eca0fb46f5bf4bab99ad8e508d72b025da681db2f7daebc0,goexec,memory,sdk,range,1,4,100000,20260917,4,3,10,True,0,,2.244368083,50780,170916,10.00017075,17091.308165913066,230783,265727,0,0,0,0,444383232,13,15.150811,0.407369,15.273737999999867
tokio-memory-sdk-range-p4-c4-r2-n100000-w3-s10-seed20260917,1dda62a344f62068f971e26a499036cbea8a1e7b9a6f36e55d594ec5e894e476,tokio,memory,sdk,range,4,4,100000,20260917,2,3,10,True,0,,2.3159273750000002,101423,342456,10.000142208,34245.11300709695,107967,196863,0,0,0,0,446709760,16,53.550223,0.552765,15.339371458000187
goexec-memory-sdk-range-p4-c4-r2-n100000-w3-s10-seed20260917,7eed995be3eb2ed6eca0fb46f5bf4bab99ad8e508d72b025da681db2f7daebc0,goexec,memory,sdk,range,4,4,100000,20260917,2,3,10,True,0,,2.215621333,94633,322871,10.000052208,32286.931436388357,114239,206975,0,0,0,0,446873600,19,53.462523,1.4849649999999999,15.255775207999704
goexec-rocksdb-sdk-update-p4-c16-r2-n100000-w3-s10-seed20260917,7eed995be3eb2ed6eca0fb46f5bf4bab99ad8e508d72b025da681db2f7daebc0,goexec,rocksdb,sdk,update,4,16,100000,20260917,2,3,10,True,0,,1.3611475419999999,160473,521877,10.000217292,52186.56602766947,173183,470271,0,0,2237285,372125,2008891392,56,33.685774,8.824888,14.753402542000003
goexec-blocking-rocksdb-sdk-update-p4-c16-r2-n100000-w3-s10-seed20260917,e963d801d8310f2cb89458be25ab0c11ddbbeddc08501d21e1d74f2cc4e7ef50,goexec-blocking,rocksdb,sdk,update,4,16,100000,20260917,2,3,10,True,0,,1.340310916,176997,561183,10.0002625,56116.826933293,164607,519423,0,68,2805940,0,2104229888,65,35.204013,6.915534,14.557502167000166
tokio-rocksdb-sdk-update-p4-c16-r2-n100000-w3-s10-seed20260917,1dda62a344f62068f971e26a499036cbea8a1e7b9a6f36e55d594ec5e894e476,tokio,rocksdb,sdk,update,4,16,100000,20260917,2,3,10,True,0,,1.426929833,99147,428513,10.00019525,42850.46334470319,181503,448511,0,0,1838284,304306,1616642048,53,26.661262,6.375508,15.039184957999623
tokio-memory-sdk-range-p4-c16-r3-n100000-w3-s10-seed20260917,1dda62a344f62068f971e26a499036cbea8a1e7b9a6f36e55d594ec5e894e476,tokio,memory,sdk,range,4,16,100000,20260917,3,3,10,True,0,,2.321494417,101473,355013,10.000490417,35499.559041275366,459007,911871,0,0,0,0,447643648,16,53.580518,0.555207,15.36095533400021
goexec-memory-sdk-range-p4-c16-r3-n100000-w3-s10-seed20260917,7eed995be3eb2ed6eca0fb46f5bf4bab99ad8e508d72b025da681db2f7daebc0,goexec,memory,sdk,range,4,16,100000,20260917,3,3,10,True,0,,2.227785542,97507,328879,10.000389833,32886.61797110565,271359,2207743,0,0,0,0,448151552,19,53.639068,0.7827999999999999,15.25772466699982
goexec-rocksdb-sdk-range-p16-c64-r0-n100000-w3-s10-seed20260917,7eed995be3eb2ed6eca0fb46f5bf4bab99ad8e508d72b025da681db2f7daebc0,goexec,rocksdb,sdk,range,16,64,100000,20260917,0,3,10,True,0,,1.371426542,202426,675732,10.001548041,67562.74101068432,503295,4710399,0,0,5405866,15,290422784,90,201.529195,5.629497,14.445285084000261
tokio-rocksdb-sdk-range-p16-c64-r0-n100000-w3-s10-seed20260917,1dda62a344f62068f971e26a499036cbea8a1e7b9a6f36e55d594ec5e894e476,tokio,rocksdb,sdk,range,16,64,100000,20260917,0,3,10,True,0,,1.410570709,234170,799185,10.001219833,79908.75246667523,795135,1691647,0,0,6393495,10,288751616,87,198.839196,6.496059,14.471696749999865
goexec-blocking-rocksdb-sdk-range-p16-c64-r0-n100000-w3-s10-seed20260917,e963d801d8310f2cb89458be25ab0c11ddbbeddc08501d21e1d74f2cc4e7ef50,goexec-blocking,rocksdb,sdk,range,16,64,100000,20260917,0,3,10,True,0,,1.374654875,214985,745321,10.00162825,74519.9662864894,468479,4046847,0,21,5962593,0,290340864,91,205.026528,2.971749,14.437049916999968
tokio-memory-sdk-update-p16-c64-r4-n100000-w3-s10-seed20260917,1dda62a344f62068f971e26a499036cbea8a1e7b9a6f36e55d594ec5e894e476,tokio,memory,sdk,update,16,64,100000,20260917,4,3,10,True,0,,2.404100625,835864,2788769,10.000693291,278857.56705584785,200063,673279,0,0,0,0,11379130368,52,202.558192,6.688883,15.577733958999943
goexec-memory-sdk-update-p16-c64-r4-n100000-w3-s10-seed20260917,7eed995be3eb2ed6eca0fb46f5bf4bab99ad8e508d72b025da681db2f7daebc0,goexec,memory,sdk,update,16,64,100000,20260917,4,3,10,True,0,,2.2969830829999998,822832,2751577,10.0007895,275135.97801453574,175103,870911,0,0,0,0,11219386368,55,203.244664,7.05004,15.424654416000067
goexec-blocking-rocksdb-sdk-create-p1-c4-r2-n100000-w3-s10-seed20260917,e963d801d8310f2cb89458be25ab0c11ddbbeddc08501d21e1d74f2cc4e7ef50,goexec-blocking,rocksdb,sdk,create,1,4,100000,20260917,2,3,10,True,0,,1.376985417,123807,362109,10.000079292,36210.61287880836,92479,144511,0,14,2172676,0,932364288,53,14.881938,6.270455,14.857551583000259
tokio-rocksdb-sdk-create-p1-c4-r2-n100000-w3-s10-seed20260917,1dda62a344f62068f971e26a499036cbea8a1e7b9a6f36e55d594ec5e894e476,tokio,rocksdb,sdk,create,1,4,100000,20260917,2,3,10,True,0,,3.236465833,71641,232269,10.000072792,23226.730927980232,165375,237439,0,0,0,1393640,704954368,48,17.566583,11.001877,16.486677833000158
goexec-rocksdb-sdk-create-p1-c4-r2-n100000-w3-s10-seed20260917,7eed995be3eb2ed6eca0fb46f5bf4bab99ad8e508d72b025da681db2f7daebc0,goexec,rocksdb,sdk,create,1,4,100000,20260917,2,3,10,True,0,,2.991236458,74129,245447,10.000132833,24544.373969717246,159231,232575,0,0,0,1472703,716390400,51,18.19533,11.670855,16.370875416000217
tokio-rocksdb-sdk-mixed-p16-c16-r2-n100000-w3-s10-seed20260917,1dda62a344f62068f971e26a499036cbea8a1e7b9a6f36e55d594ec5e894e476,tokio,rocksdb,sdk,mixed,16,16,100000,20260917,2,3,10,True,0,,1.3902334170000001,464831,1438044,10.0002335,143801.04224566356,92927,235007,0,0,7190092,153,1443594240,88,132.552196,28.082194,14.49691299999995
goexec-blocking-rocksdb-sdk-mixed-p16-c16-r2-n100000-w3-s10-seed20260917,e963d801d8310f2cb89458be25ab0c11ddbbeddc08501d21e1d74f2cc4e7ef50,goexec-blocking,rocksdb,sdk,mixed,16,16,100000,20260917,2,3,10,True,0,,1.409652917,350679,1175145,10.000282666,117511.17835852581,113983,361727,0,1,5875750,0,1064108032,90,103.334118,42.431605,14.615757832999861
goexec-rocksdb-sdk-mixed-p16-c16-r2-n100000-w3-s10-seed20260917,7eed995be3eb2ed6eca0fb46f5bf4bab99ad8e508d72b025da681db2f7daebc0,goexec,rocksdb,sdk,mixed,16,16,100000,20260917,2,3,10,True,0,,1.352374,336320,1124190,10.000295583,112415.6771836891,122047,361471,0,0,5620903,66,1046446080,90,105.285225,48.05138,14.568141083999762
goexec-blocking-rocksdb-sdk-read-p1-c4-r0-n100000-w3-s10-seed20260917,e963d801d8310f2cb89458be25ab0c11ddbbeddc08501d21e1d74f2cc4e7ef50,goexec-blocking,rocksdb,sdk,read,1,4,100000,20260917,0,3,10,True,0,,1.3601532920000001,229372,765040,10.000061458,76503.5298246064,51647,66303,0,0,3825225,0,264159232,48,14.25894,0.369597,14.427825125000254
goexec-rocksdb-sdk-read-p1-c4-r0-n100000-w3-s10-seed20260917,7eed995be3eb2ed6eca0fb46f5bf4bab99ad8e508d72b025da681db2f7daebc0,goexec,rocksdb,sdk,read,1,4,100000,20260917,0,3,10,True,0,,2.973556583,142067,472330,10.000079709,47232.62351348124,83583,126143,0,0,0,2361671,264519680,48,18.811125,11.494687,16.0420335419999
tokio-rocksdb-sdk-read-p1-c4-r0-n100000-w3-s10-seed20260917,1dda62a344f62068f971e26a499036cbea8a1e7b9a6f36e55d594ec5e894e476,tokio,rocksdb,sdk,read,1,4,100000,20260917,0,3,10,True,0,,3.270977916,121051,403314,10.000102875,40330.985094990836,97919,145023,0,0,0,2016596,265011200,45,18.267528,10.495113,16.34696170799998
goexec-memory-sdk-range-p1-c1-r2-n100000-w3-s10-seed20260917,7eed995be3eb2ed6eca0fb46f5bf4bab99ad8e508d72b025da681db2f7daebc0,goexec,memory,sdk,range,1,1,100000,20260917,2,3,10,True,0,,2.340091292,42583,142887,10.000074041,14288.594205819642,67839,85759,0,0,0,0,443973632,13,15.133716,1.38044,15.361660833000315
tokio-memory-sdk-range-p1-c1-r2-n100000-w3-s10-seed20260917,1dda62a344f62068f971e26a499036cbea8a1e7b9a6f36e55d594ec5e894e476,tokio,memory,sdk,range,1,1,100000,20260917,2,3,10,True,0,,2.311816166,52039,174444,10.000024042,17444.358060274353,55263,74303,0,0,0,0,444219392,10,15.002827,0.221401,15.344385208999938
goexec-memory-sdk-read-p1-c4-r4-n100000-w3-s10-seed20260917,7eed995be3eb2ed6eca0fb46f5bf4bab99ad8e508d72b025da681db2f7daebc0,goexec,memory,sdk,read,1,4,100000,20260917,4,3,10,True,0,,2.214063209,275832,919012,10.0000455,91900.78185144257,42815,56511,0,0,0,0,443596800,13,15.109332,0.374407,15.24949720900031
tokio-memory-sdk-read-p1-c4-r4-n100000-w3-s10-seed20260917,1dda62a344f62068f971e26a499036cbea8a1e7b9a6f36e55d594ec5e894e476,tokio,memory,sdk,read,1,4,100000,20260917,4,3,10,True,0,,2.38352125,273127,915229,10.000028708,91522.63725681296,43391,88383,0,0,0,0,443285504,10,14.887598,0.278123,15.416097708000052
goexec-rocksdb-sdk-update-p4-c4-r1-n100000-w3-s10-seed20260917,7eed995be3eb2ed6eca0fb46f5bf4bab99ad8e508d72b025da681db2f7daebc0,goexec,rocksdb,sdk,update,4,4,100000,20260917,1,3,10,True,0,,1.336010125,133743,447700,10.000101459,44769.545772665544,86015,144895,0,0,2184178,54341,1820377088,56,28.086128,14.403458,14.507763790999888
tokio-rocksdb-sdk-update-p4-c4-r1-n100000-w3-s10-seed20260917,1dda62a344f62068f971e26a499036cbea8a1e7b9a6f36e55d594ec5e894e476,tokio,rocksdb,sdk,update,4,4,100000,20260917,1,3,10,True,0,,1.355613166,141562,484821,10.00009625,48481.63336427887,79615,131583,0,0,2382531,41599,1910407168,53,26.732709,10.841951,14.533626292000008
goexec-blocking-rocksdb-sdk-update-p4-c4-r1-n100000-w3-s10-seed20260917,e963d801d8310f2cb89458be25ab0c11ddbbeddc08501d21e1d74f2cc4e7ef50,goexec-blocking,rocksdb,sdk,update,4,4,100000,20260917,1,3,10,True,0,,1.3429925,68390,315488,10.720522292,29428.41695645998,84351,156287,0,1,1577478,0,1353220096,56,18.983001,8.835696,15.188625208999838
goexec-blocking-rocksdb-sdk-range-p1-c1-r0-n100000-w3-s10-seed20260917,e963d801d8310f2cb89458be25ab0c11ddbbeddc08501d21e1d74f2cc4e7ef50,goexec-blocking,rocksdb,sdk,range,1,1,100000,20260917,0,3,10,True,0,,1.342637917,32369,108364,10.000029958,10836.367536410133,90431,109311,0,0,866937,0,264814592,48,14.146097,1.127888,14.41713695899989
tokio-rocksdb-sdk-range-p1-c1-r0-n100000-w3-s10-seed20260917,1dda62a344f62068f971e26a499036cbea8a1e7b9a6f36e55d594ec5e894e476,tokio,rocksdb,sdk,range,1,1,100000,20260917,0,3,10,True,0,,3.267050292,20378,68055,10.000088166,6805.439999157704,144383,178047,0,0,0,544466,265355264,45,12.375916,3.922319,16.325898166000115
goexec-rocksdb-sdk-range-p1-c1-r0-n100000-w3-s10-seed20260917,7eed995be3eb2ed6eca0fb46f5bf4bab99ad8e508d72b025da681db2f7daebc0,goexec,rocksdb,sdk,range,1,1,100000,20260917,0,3,10,True,0,,3.014560291,20996,70434,10.000012333,7043.391313385493,139903,175103,0,0,0,563493,264798208,48,12.444175,4.155176,16.083225290999962
goexec-blocking-rocksdb-sdk-read-p1-c4-r2-n100000-w3-s10-seed20260917,e963d801d8310f2cb89458be25ab0c11ddbbeddc08501d21e1d74f2cc4e7ef50,goexec-blocking,rocksdb,sdk,read,1,4,100000,20260917,2,3,10,True,0,,1.330617417,233236,789640,10.000072875,78963.42455404355,50047,64319,0,0,3948225,0,264257536,48,14.228173,0.364763,14.399533000000247
goexec-rocksdb-sdk-read-p1-c4-r2-n100000-w3-s10-seed20260917,7eed995be3eb2ed6eca0fb46f5bf4bab99ad8e508d72b025da681db2f7daebc0,goexec,rocksdb,sdk,read,1,4,100000,20260917,2,3,10,True,0,,2.989003583,139711,468231,10.000079584,46822.72736600653,84095,129983,0,0,0,2341176,264601600,48,18.642231,11.566188,16.06958237500021
tokio-rocksdb-sdk-read-p1-c4-r2-n100000-w3-s10-seed20260917,1dda62a344f62068f971e26a499036cbea8a1e7b9a6f36e55d594ec5e894e476,tokio,rocksdb,sdk,read,1,4,100000,20260917,2,3,10,True,0,,3.294874,123038,409875,10.000104375,40987.07219743394,96127,144255,0,0,0,2049401,264847360,45,18.105297,10.666323,16.363169457999902
goexec-rocksdb-sdk-read-p4-c4-r4-n100000-w3-s10-seed20260917,7eed995be3eb2ed6eca0fb46f5bf4bab99ad8e508d72b025da681db2f7daebc0,goexec,rocksdb,sdk,read,4,4,100000,20260917,4,3,10,True,0,,1.365320708,295828,986030,10.000051042,98602.49671313626,38175,61439,0,0,4778240,151935,265191424,54,51.354671,2.383306,14.441881416999877
tokio-rocksdb-sdk-read-p4-c4-r4-n100000-w3-s10-seed20260917,1dda62a344f62068f971e26a499036cbea8a1e7b9a6f36e55d594ec5e894e476,tokio,rocksdb,sdk,read,4,4,100000,20260917,4,3,10,True,0,,1.390034541,298799,998835,10.000043042,99883.07008328976,37439,61055,0,0,4860124,134073,265453568,51,51.330109,1.554331,14.455203500000152
goexec-blocking-rocksdb-sdk-read-p4-c4-r4-n100000-w3-s10-seed20260917,e963d801d8310f2cb89458be25ab0c11ddbbeddc08501d21e1d74f2cc4e7ef50,goexec-blocking,rocksdb,sdk,read,4,4,100000,20260917,4,3,10,True,0,,1.351842,303074,1012610,10.000045541,101260.53884938003,37919,54815,0,0,5063069,0,265502720,54,52.237703,1.340374,14.42300862500042
tokio-rocksdb-sdk-update-p1-c4-r2-n100000-w3-s10-seed20260917,1dda62a344f62068f971e26a499036cbea8a1e7b9a6f36e55d594ec5e894e476,tokio,rocksdb,sdk,update,1,4,100000,20260917,2,3,10,True,0,,3.174883583,90606,293693,10.000096375,29369.016956099087,133631,196863,0,0,0,1468491,1339047936,47,17.155954,11.946505,16.261281958999916
goexec-blocking-rocksdb-sdk-update-p1-c4-r2-n100000-w3-s10-seed20260917,e963d801d8310f2cb89458be25ab0c11ddbbeddc08501d21e1d74f2cc4e7ef50,goexec-blocking,rocksdb,sdk,update,1,4,100000,20260917,2,3,10,True,0,,1.3289905,144989,396230,10.000383208,39621.4816731251,76735,137343,0,27,1981175,0,1616805888,51,12.562626999999999,5.903598,14.53817137499982
goexec-rocksdb-sdk-update-p1-c4-r2-n100000-w3-s10-seed20260917,7eed995be3eb2ed6eca0fb46f5bf4bab99ad8e508d72b025da681db2f7daebc0,goexec,rocksdb,sdk,update,1,4,100000,20260917,2,3,10,True,0,,2.88628,94892,306438,10.000145958,30643.35273575214,127039,195583,0,0,0,1532211,1374453760,50,17.637513,12.686252,15.979746500000147
goexec-memory-sdk-range-p16-c16-r2-n100000-w3-s10-seed20260917,7eed995be3eb2ed6eca0fb46f5bf4bab99ad8e508d72b025da681db2f7daebc0,goexec,memory,sdk,range,16,16,100000,20260917,2,3,10,True,0,,2.214418166,291414,984489,10.000329625,98445.65498509756,156543,221439,0,0,0,0,456392704,55,204.806583,4.143225,15.258545041999696
tokio-memory-sdk-range-p16-c16-r2-n100000-w3-s10-seed20260917,1dda62a344f62068f971e26a499036cbea8a1e7b9a6f36e55d594ec5e894e476,tokio,memory,sdk,range,16,16,100000,20260917,2,3,10,True,0,,2.226789083,281247,934905,10.000305333,93487.64551367324,162047,280575,0,0,0,0,456916992,52,198.641634,3.170902,15.249015667000094
tokio-rocksdb-sdk-range-p4-c16-r4-n100000-w3-s10-seed20260917,1dda62a344f62068f971e26a499036cbea8a1e7b9a6f36e55d594ec5e894e476,tokio,rocksdb,sdk,range,4,16,100000,20260917,4,3,10,True,0,,1.401316875,84245,283302,10.000573916,28328.574177802217,556543,1238015,0,0,1878003,388438,269910016,51,55.363694,2.242616,14.476196000000073
goexec-blocking-rocksdb-sdk-range-p4-c16-r4-n100000-w3-s10-seed20260917,e963d801d8310f2cb89458be25ab0c11ddbbeddc08501d21e1d74f2cc4e7ef50,goexec-blocking,rocksdb,sdk,range,4,16,100000,20260917,4,3,10,True,0,,1.380255833,81947,293376,10.000534083,29336.033212337385,291583,2551807,0,1,2347033,0,270336000,54,52.933617,0.631317,14.45091258299999
goexec-rocksdb-sdk-range-p4-c16-r4-n100000-w3-s10-seed20260917,7eed995be3eb2ed6eca0fb46f5bf4bab99ad8e508d72b025da681db2f7daebc0,goexec,rocksdb,sdk,range,4,16,100000,20260917,4,3,10,True,0,,1.374030958,83000,281003,10.0004975,28098.90207962154,414463,2142207,0,0,1887454,360592,269926400,54,55.689516,2.404199,14.43947020800033
goexec-memory-sdk-create-p1-c1-r1-n100000-w3-s10-seed20260917,7eed995be3eb2ed6eca0fb46f5bf4bab99ad8e508d72b025da681db2f7daebc0,goexec,memory,sdk,create,1,1,100000,20260917,1,3,10,True,0,,2.268540917,134735,454480,10.000011375,45447.94830295881,19967,29055,0,0,0,0,2605285376,13,15.190405,1.709838,15.380029792000187
tokio-memory-sdk-create-p1-c1-r1-n100000-w3-s10-seed20260917,1dda62a344f62068f971e26a499036cbea8a1e7b9a6f36e55d594ec5e894e476,tokio,memory,sdk,create,1,1,100000,20260917,1,3,10,True,0,,2.336798167,168885,565885,10.000018916,56588.39295739588,15335,29967,0,0,0,0,3144613888,10,15.234311,0.46837999999999996,15.516901625000173
goexec-rocksdb-sdk-create-p16-c16-r3-n100000-w3-s10-seed20260917,7eed995be3eb2ed6eca0fb46f5bf4bab99ad8e508d72b025da681db2f7daebc0,goexec,rocksdb,sdk,create,16,16,100000,20260917,3,3,10,True,0,,1.3556599999999999,37354,136408,10.003619959,13635.86387318495,365055,6885375,0,0,818349,124,527040512,92,24.642208,14.465572,14.850125999999818
tokio-rocksdb-sdk-create-p16-c16-r3-n100000-w3-s10-seed20260917,1dda62a344f62068f971e26a499036cbea8a1e7b9a6f36e55d594ec5e894e476,tokio,rocksdb,sdk,create,16,16,100000,20260917,3,3,10,True,0,,1.384653958,100527,303653,10.007118416,30343.700091976603,200703,6774783,0,0,1821469,468,846528512,90,39.136126,10.935152,14.88940329099978
goexec-blocking-rocksdb-sdk-create-p16-c16-r3-n100000-w3-s10-seed20260917,e963d801d8310f2cb89458be25ab0c11ddbbeddc08501d21e1d74f2cc4e7ef50,goexec-blocking,rocksdb,sdk,create,16,16,100000,20260917,3,3,10,True,0,,1.356490667,31190,103964,10.004202084,10392.033180364533,380159,7208959,0,36,623809,0,479051776,91,19.734474,10.069706,14.828939416999674
tokio-rocksdb-sdk-mixed-p1-c1-r0-n100000-w3-s10-seed20260917,1dda62a344f62068f971e26a499036cbea8a1e7b9a6f36e55d594ec5e894e476,tokio,rocksdb,sdk,mixed,1,1,100000,20260917,0,3,10,True,0,,3.257086917,52415,173770,10.000027917,17376.951488764527,51167,100863,0,0,0,868876,325271552,45,8.917658,7.616298,16.335050666999905
goexec-rocksdb-sdk-mixed-p1-c1-r0-n100000-w3-s10-seed20260917,7eed995be3eb2ed6eca0fb46f5bf4bab99ad8e508d72b025da681db2f7daebc0,goexec,rocksdb,sdk,mixed,1,1,100000,20260917,0,3,10,True,0,,2.999817792,49226,161966,10.000047792,16196.52259357922,56351,104063,0,0,0,809851,321208320,48,9.35595,7.605605,16.06339600000001
goexec-blocking-rocksdb-sdk-mixed-p1-c1-r0-n100000-w3-s10-seed20260917,e963d801d8310f2cb89458be25ab0c11ddbbeddc08501d21e1d74f2cc4e7ef50,goexec-blocking,rocksdb,sdk,mixed,1,1,100000,20260917,0,3,10,True,0,,1.335472833,126469,410142,10.000009584,41014.16069202839,16959,63167,0,0,2050735,0,393920512,48,11.023552,2.861854,14.415714083999774
goexec-rocksdb-sdk-read-p4-c16-r4-n100000-w3-s10-seed20260917,7eed995be3eb2ed6eca0fb46f5bf4bab99ad8e508d72b025da681db2f7daebc0,goexec,rocksdb,sdk,read,4,16,100000,20260917,4,3,10,True,0,,1.368538917,312429,1040515,10.00021675,104049.24473262043,70463,755711,0,0,5005915,196679,267272192,54,53.110859,1.402233,14.431630499999756
tokio-rocksdb-sdk-read-p4-c16-r4-n100000-w3-s10-seed20260917,1dda62a344f62068f971e26a499036cbea8a1e7b9a6f36e55d594ec5e894e476,tokio,rocksdb,sdk,read,4,16,100000,20260917,4,3,10,True,0,,1.402142166,314040,1048723,10.000214917,104870.04616442886,109823,565759,0,0,5043974,199660,267583488,51,52.850899,1.207438,14.464656750000358
goexec-blocking-rocksdb-sdk-read-p4-c16-r4-n100000-w3-s10-seed20260917,e963d801d8310f2cb89458be25ab0c11ddbbeddc08501d21e1d74f2cc4e7ef50,goexec-blocking,rocksdb,sdk,read,4,16,100000,20260917,4,3,10,True,0,,1.350805125,314231,1044946,10.000204375,104492.46443525811,75199,643583,0,0,5224755,0,267255808,54,52.944438,0.584684,14.421758040999975
goexec-memory-sdk-read-p4-c4-r0-n100000-w3-s10-seed20260917,7eed995be3eb2ed6eca0fb46f5bf4bab99ad8e508d72b025da681db2f7daebc0,goexec,memory,sdk,read,4,4,100000,20260917,0,3,10,True,0,,2.217580917,329643,1100416,10.000052666,110041.02045796165,34655,51231,0,0,0,0,445480960,19,52.97649,1.496601,15.248668250000264
tokio-memory-sdk-read-p4-c4-r0-n100000-w3-s10-seed20260917,1dda62a344f62068f971e26a499036cbea8a1e7b9a6f36e55d594ec5e894e476,tokio,memory,sdk,read,4,4,100000,20260917,0,3,10,True,0,,2.372713292,345922,1147968,10.000058542,114796.1279605077,33055,51903,0,0,0,0,444399616,16,52.916583,0.7569859999999999,15.407853666999927
tokio-rocksdb-sdk-read-p4-c16-r3-n100000-w3-s10-seed20260917,1dda62a344f62068f971e26a499036cbea8a1e7b9a6f36e55d594ec5e894e476,tokio,rocksdb,sdk,read,4,16,100000,20260917,3,3,10,True,0,,1.390134417,305409,1038147,10.00026275,103811.97234042676,110463,574463,0,0,4992600,198154,267534336,51,52.825925,1.226253,14.46919916600018
goexec-blocking-rocksdb-sdk-read-p4-c16-r3-n100000-w3-s10-seed20260917,e963d801d8310f2cb89458be25ab0c11ddbbeddc08501d21e1d74f2cc4e7ef50,goexec-blocking,rocksdb,sdk,read,4,16,100000,20260917,3,3,10,True,0,,1.367960458,309374,1025240,10.000235125,102521.5894611278,77951,657919,0,0,5126219,0,267173888,54,52.921568,0.617285,14.423058833999676
goexec-rocksdb-sdk-read-p4-c16-r3-n100000-w3-s10-seed20260917,7eed995be3eb2ed6eca0fb46f5bf4bab99ad8e508d72b025da681db2f7daebc0,goexec,rocksdb,sdk,read,4,16,100000,20260917,3,3,10,True,0,,1.372598958,311968,1039172,10.000210708,103915.01042759829,69887,745983,0,0,5020355,175524,267370496,54,53.09396,1.298494,14.452870667000298
goexec-memory-sdk-update-p16-c16-r1-n100000-w3-s10-seed20260917,7eed995be3eb2ed6eca0fb46f5bf4bab99ad8e508d72b025da681db2f7daebc0,goexec,memory,sdk,update,16,16,100000,20260917,1,3,10,True,0,,2.255532083,548865,1828984,10.000202291,182894.70020482008,65279,274175,0,0,0,0,7604846592,55,137.260809,21.651577,15.345465875000173
tokio-memory-sdk-update-p16-c16-r1-n100000-w3-s10-seed20260917,1dda62a344f62068f971e26a499036cbea8a1e7b9a6f36e55d594ec5e894e476,tokio,memory,sdk,update,16,16,100000,20260917,1,3,10,True,0,,2.340575458,712933,2373316,10.000175291,237327.4398635739,63135,121727,0,0,0,0,9742123008,52,178.972819,10.983306,15.460069834000024
goexec-rocksdb-sdk-range-p1-c4-r3-n100000-w3-s10-seed20260917,7eed995be3eb2ed6eca0fb46f5bf4bab99ad8e508d72b025da681db2f7daebc0,goexec,rocksdb,sdk,range,1,4,100000,20260917,3,3,10,True,0,,2.939728292,39183,130764,10.000135541,13076.22276356904,303615,422655,0,0,0,1046139,266010624,48,23.226744,5.411117,16.001234125000337
tokio-rocksdb-sdk-range-p1-c4-r3-n100000-w3-s10-seed20260917,1dda62a344f62068f971e26a499036cbea8a1e7b9a6f36e55d594ec5e894e476,tokio,rocksdb,sdk,range,1,4,100000,20260917,3,3,10,True,0,,3.173497958,39387,130336,10.000259792,13033.261406295274,305407,417535,0,0,0,1042711,266371072,45,22.799644,5.334359,16.25257099999999
goexec-blocking-rocksdb-sdk-range-p1-c4-r3-n100000-w3-s10-seed20260917,e963d801d8310f2cb89458be25ab0c11ddbbeddc08501d21e1d74f2cc4e7ef50,goexec-blocking,rocksdb,sdk,range,1,4,100000,20260917,3,3,10,True,0,,1.3507883330000001,37264,123360,10.000032,12335.96052492632,320767,367359,0,0,986905,0,265388032,48,14.245328,0.368324,14.421863082999607
goexec-memory-sdk-mixed-p4-c16-r3-n100000-w3-s10-seed20260917,7eed995be3eb2ed6eca0fb46f5bf4bab99ad8e508d72b025da681db2f7daebc0,goexec,memory,sdk,mixed,4,16,100000,20260917,3,3,10,True,0,,2.337382041,344814,1153197,10.000258458,115316.71954712993,68479,582143,0,0,0,0,1344094208,19,53.933639,0.70917,15.392003082999963
tokio-memory-sdk-mixed-p4-c16-r3-n100000-w3-s10-seed20260917,1dda62a344f62068f971e26a499036cbea8a1e7b9a6f36e55d594ec5e894e476,tokio,memory,sdk,mixed,4,16,100000,20260917,3,3,10,True,0,,2.274437541,344948,1149235,10.000141667,114921.87193631685,95679,561663,0,0,0,0,1342750720,16,53.523023,0.5895509999999999,15.327651209000123
goexec-blocking-rocksdb-sdk-update-p1-c4-r3-n100000-w3-s10-seed20260917,e963d801d8310f2cb89458be25ab0c11ddbbeddc08501d21e1d74f2cc4e7ef50,goexec-blocking,rocksdb,sdk,update,1,4,100000,20260917,3,3,10,True,0,,1.352706959,142516,485070,10.00006825,48506.66894198447,79295,133119,0,18,2425375,0,1902477312,52,14.645366,7.057265,14.53253920799989
goexec-rocksdb-sdk-update-p1-c4-r3-n100000-w3-s10-seed20260917,7eed995be3eb2ed6eca0fb46f5bf4bab99ad8e508d72b025da681db2f7daebc0,goexec,rocksdb,sdk,update,1,4,100000,20260917,3,3,10,True,0,,3.022679875,91377,303425,10.000129708,30342.10643860581,129407,195327,0,0,0,1517151,1361002496,50,17.665945,13.042348,16.11539833300003
tokio-rocksdb-sdk-update-p1-c4-r3-n100000-w3-s10-seed20260917,1dda62a344f62068f971e26a499036cbea8a1e7b9a6f36e55d594ec5e894e476,tokio,rocksdb,sdk,update,1,4,100000,20260917,3,3,10,True,0,,3.234625708,87901,290255,10.000149041,29025.06740749285,135807,197247,0,0,0,1451301,1328627712,47,17.178785,12.060328,16.312351749999834
tokio-rocksdb-sdk-create-p4-c4-r0-n100000-w3-s10-seed20260917,1dda62a344f62068f971e26a499036cbea8a1e7b9a6f36e55d594ec5e894e476,tokio,rocksdb,sdk,create,4,4,100000,20260917,0,3,10,True,0,,1.389311875,129514,328588,10.000082333,32858.529465869346,85247,152575,0,0,1938335,33212,900694016,54,25.249799,8.47569,14.852997957999833
goexec-blocking-rocksdb-sdk-create-p4-c4-r0-n100000-w3-s10-seed20260917,e963d801d8310f2cb89458be25ab0c11ddbbeddc08501d21e1d74f2cc4e7ef50,goexec-blocking,rocksdb,sdk,create,4,4,100000,20260917,0,3,10,True,0,,1.352239125,77603,357928,10.000119542,35792.372130825075,91839,160895,0,0,2147587,0,872497152,57,26.48505,10.233024,14.802542291999998
goexec-rocksdb-sdk-create-p4-c4-r0-n100000-w3-s10-seed20260917,7eed995be3eb2ed6eca0fb46f5bf4bab99ad8e508d72b025da681db2f7daebc0,goexec,rocksdb,sdk,create,4,4,100000,20260917,0,3,10,True,0,,1.351106875,120716,385118,10.000106916,38511.38825164137,91391,167167,0,0,2251522,59205,981024768,57,30.166238,12.818791,14.802358542000093
tokio-rocksdb-sdk-update-p1-c1-r2-n100000-w3-s10-seed20260917,1dda62a344f62068f971e26a499036cbea8a1e7b9a6f36e55d594ec5e894e476,tokio,rocksdb,sdk,update,1,1,100000,20260917,2,3,10,True,0,,3.20445825,35391,117099,10.000094125,11709.78978160368,81535,139391,0,0,0,585515,704921600,45,7.9874979999999995,7.615467,16.36373062499979
goexec-blocking-rocksdb-sdk-update-p1-c1-r2-n100000-w3-s10-seed20260917,e963d801d8310f2cb89458be25ab0c11ddbbeddc08501d21e1d74f2cc4e7ef50,goexec-blocking,rocksdb,sdk,update,1,1,100000,20260917,2,3,10,True,0,,1.353598083,55568,181907,10.00003875,18190.629511310643,53855,94271,0,0,909554,0,885391360,49,7.955036,4.704868,14.5072407079997
goexec-rocksdb-sdk-update-p1-c1-r2-n100000-w3-s10-seed20260917,7eed995be3eb2ed6eca0fb46f5bf4bab99ad8e508d72b025da681db2f7daebc0,goexec,rocksdb,sdk,update,1,1,100000,20260917,2,3,10,True,0,,2.986552041,32327,99385,10.00004,9938.460246159015,93695,205439,0,0,0,496946,653213696,48,8.35879,7.47791,16.156154540999978
goexec-memory-sdk-create-p4-c4-r1-n100000-w3-s10-seed20260917,7eed995be3eb2ed6eca0fb46f5bf4bab99ad8e508d72b025da681db2f7daebc0,goexec,memory,sdk,create,4,4,100000,20260917,1,3,10,True,0,,2.356532959,243242,850234,10.000047375,85022.99720355075,43135,67391,0,0,0,0,4471308288,19,53.440609,2.02866,15.750496875000408
tokio-memory-sdk-create-p4-c4-r1-n100000-w3-s10-seed20260917,1dda62a344f62068f971e26a499036cbea8a1e7b9a6f36e55d594ec5e894e476,tokio,memory,sdk,create,4,4,100000,20260917,1,3,10,True,0,,2.436410708,263040,924560,10.000047584,92455.56005946301,40031,60319,0,0,0,0,4823236608,16,54.043015,1.11578,15.867325958000038
goexec-memory-sdk-mixed-p4-c16-r0-n100000-w3-s10-seed20260917,7eed995be3eb2ed6eca0fb46f5bf4bab99ad8e508d72b025da681db2f7daebc0,goexec,memory,sdk,mixed,4,16,100000,20260917,0,3,10,True,0,,2.228853208,349042,1165857,10.000213458,116583.21143808529,66175,573951,0,0,0,0,1354711040,19,53.840218,0.725179,15.274075042000277
tokio-memory-sdk-mixed-p4-c16-r0-n100000-w3-s10-seed20260917,1dda62a344f62068f971e26a499036cbea8a1e7b9a6f36e55d594ec5e894e476,tokio,memory,sdk,mixed,4,16,100000,20260917,0,3,10,True,0,,2.334084083,351483,1172813,10.000169208,117279.3155401576,95423,535551,0,0,0,0,1359757312,16,53.520648,0.628083,15.37488145799989
tokio-memory-sdk-update-p16-c64-r0-n100000-w3-s10-seed20260917,1dda62a344f62068f971e26a499036cbea8a1e7b9a6f36e55d594ec5e894e476,tokio,memory,sdk,update,16,64,100000,20260917,0,3,10,True,0,,2.3936407920000002,837518,2769368,10.000617542,276919.6990455212,202751,675327,0,0,0,0,11324211200,52,201.727393,7.20223,15.582958041999973
goexec-memory-sdk-update-p16-c64-r0-n100000-w3-s10-seed20260917,7eed995be3eb2ed6eca0fb46f5bf4bab99ad8e508d72b025da681db2f7daebc0,goexec,memory,sdk,update,16,64,100000,20260917,0,3,10,True,0,,2.264330375,836778,2831641,10.00069725,283144.3577596552,170495,845311,0,0,0,0,11509776384,55,202.818175,7.581609,15.465550625000105
tokio-rocksdb-sdk-range-p1-c1-r1-n100000-w3-s10-seed20260917,1dda62a344f62068f971e26a499036cbea8a1e7b9a6f36e55d594ec5e894e476,tokio,rocksdb,sdk,range,1,1,100000,20260917,1,3,10,True,0,,3.2491030419999998,20543,67794,10.000117584,6779.320286040349,144383,179583,0,0,0,542375,265207808,45,12.428402,3.843258,16.307144125000377
goexec-blocking-rocksdb-sdk-range-p1-c1-r1-n100000-w3-s10-seed20260917,e963d801d8310f2cb89458be25ab0c11ddbbeddc08501d21e1d74f2cc4e7ef50,goexec-blocking,rocksdb,sdk,range,1,1,100000,20260917,1,3,10,True,0,,1.361533542,31867,106074,10.000043125,10607.354255784772,92351,111807,0,0,848617,0,264699904,48,14.163439,1.115634,14.43984887500028
goexec-rocksdb-sdk-range-p1-c1-r1-n100000-w3-s10-seed20260917,7eed995be3eb2ed6eca0fb46f5bf4bab99ad8e508d72b025da681db2f7daebc0,goexec,rocksdb,sdk,range,1,1,100000,20260917,1,3,10,True,0,,2.939633375,20935,69866,10.000060541,6986.557702681012,140031,178943,0,0,0,558949,264732672,48,12.332599,4.289168,16.00633274999973
goexec-rocksdb-sdk-range-p1-c1-r3-n100000-w3-s10-seed20260917,7eed995be3eb2ed6eca0fb46f5bf4bab99ad8e508d72b025da681db2f7daebc0,goexec,rocksdb,sdk,range,1,1,100000,20260917,3,3,10,True,0,,3.037045875,20650,68675,10.000091416,6867.437220635904,142975,182527,0,0,0,549426,265043968,48,12.426154,4.328115,16.10448333400018
goexec-blocking-rocksdb-sdk-range-p1-c1-r3-n100000-w3-s10-seed20260917,e963d801d8310f2cb89458be25ab0c11ddbbeddc08501d21e1d74f2cc4e7ef50,goexec-blocking,rocksdb,sdk,range,1,1,100000,20260917,3,3,10,True,0,,1.358036791,32204,107583,10.000066084,10758.228905320102,90943,110591,0,0,860683,0,264945664,48,14.159351,1.120577,14.420420124999964
tokio-rocksdb-sdk-range-p1-c1-r3-n100000-w3-s10-seed20260917,1dda62a344f62068f971e26a499036cbea8a1e7b9a6f36e55d594ec5e894e476,tokio,rocksdb,sdk,range,1,1,100000,20260917,3,3,10,True,0,,3.221589417,20768,69632,10.000150667,6963.09508913522,141055,177407,0,0,0,557076,265191424,45,12.325629,3.915574,16.289582374999554
goexec-memory-sdk-range-p16-c64-r0-n100000-w3-s10-seed20260917,7eed995be3eb2ed6eca0fb46f5bf4bab99ad8e508d72b025da681db2f7daebc0,goexec,memory,sdk,range,16,64,100000,20260917,0,3,10,True,0,,2.335131959,270920,949878,10.001273959,94975.70048515855,376319,3112959,0,0,0,0,466534400,55,206.159428,2.431613,15.37622333299987
tokio-memory-sdk-range-p16-c64-r0-n100000-w3-s10-seed20260917,1dda62a344f62068f971e26a499036cbea8a1e7b9a6f36e55d594ec5e894e476,tokio,memory,sdk,range,16,64,100000,20260917,0,3,10,True,0,,2.265571167,298934,1069888,10.00124325,106975.50027092882,591871,1259519,0,0,0,0,463585280,52,206.969708,2.024035,15.293585625000105
goexec-blocking-rocksdb-sdk-range-p4-c4-r1-n100000-w3-s10-seed20260917,e963d801d8310f2cb89458be25ab0c11ddbbeddc08501d21e1d74f2cc4e7ef50,goexec-blocking,rocksdb,sdk,range,4,4,100000,20260917,1,3,10,True,0,,1.380796959,79566,293184,10.00009925,29318.109017767998,127615,213887,0,0,2345491,0,268173312,54,52.821715,1.282145,14.449202125000284
tokio-rocksdb-sdk-range-p4-c4-r1-n100000-w3-s10-seed20260917,1dda62a344f62068f971e26a499036cbea8a1e7b9a6f36e55d594ec5e894e476,tokio,rocksdb,sdk,range,4,4,100000,20260917,1,3,10,True,0,,1.395747584,78013,260582,10.000138709,26057.838554327198,145151,234751,0,0,1827765,256910,267026432,51,51.090657,2.282135,14.456368333000228
goexec-rocksdb-sdk-range-p4-c4-r1-n100000-w3-s10-seed20260917,7eed995be3eb2ed6eca0fb46f5bf4bab99ad8e508d72b025da681db2f7daebc0,goexec,rocksdb,sdk,range,4,4,100000,20260917,1,3,10,True,0,,1.353667416,76930,261575,10.000124667,26157.17390636006,146943,229759,0,0,1819579,273040,267304960,54,51.049412,3.175644,14.412976999999955
tokio-rocksdb-sdk-update-p4-c16-r1-n100000-w3-s10-seed20260917,1dda62a344f62068f971e26a499036cbea8a1e7b9a6f36e55d594ec5e894e476,tokio,rocksdb,sdk,update,4,16,100000,20260917,1,3,10,True,0,,1.387107416,226559,617191,10.491254125,58829.09637364256,182143,458239,0,0,2639791,446183,2524053504,54,41.846483,10.926705,15.072270707999905
goexec-blocking-rocksdb-sdk-update-p4-c16-r1-n100000-w3-s10-seed20260917,e963d801d8310f2cb89458be25ab0c11ddbbeddc08501d21e1d74f2cc4e7ef50,goexec-blocking,rocksdb,sdk,update,4,16,100000,20260917,1,3,10,True,0,,1.364054375,162968,407682,10.787343792,37792.621414582245,160127,512255,0,31,2038442,0,1798471680,62,27.169871,5.14931,15.454215707999992
goexec-rocksdb-sdk-update-p4-c16-r1-n100000-w3-s10-seed20260917,7eed995be3eb2ed6eca0fb46f5bf4bab99ad8e508d72b025da681db2f7daebc0,goexec,rocksdb,sdk,update,4,16,100000,20260917,1,3,10,True,0,,1.356238208,153969,367873,10.138531375,36284.64383974943,174335,485119,0,0,1578888,260502,1595228160,56,26.345079,6.553618,14.64075554100009
goexec-blocking-rocksdb-sdk-create-p1-c4-r1-n100000-w3-s10-seed20260917,e963d801d8310f2cb89458be25ab0c11ddbbeddc08501d21e1d74f2cc4e7ef50,goexec-blocking,rocksdb,sdk,create,1,4,100000,20260917,1,3,10,True,0,,1.342414875,96659,238141,10.118742875,23534.642884183377,92543,152063,0,12,1428871,0,735330304,54,11.181454,4.443903,14.831816875000186
tokio-rocksdb-sdk-create-p1-c4-r1-n100000-w3-s10-seed20260917,1dda62a344f62068f971e26a499036cbea8a1e7b9a6f36e55d594ec5e894e476,tokio,rocksdb,sdk,create,1,4,100000,20260917,1,3,10,True,0,,3.210859375,71760,236437,10.000056166,23643.567203540442,164223,240895,0,0,0,1418642,703512576,48,17.849749,10.920381,16.593405541000266
goexec-rocksdb-sdk-create-p1-c4-r1-n100000-w3-s10-seed20260917,7eed995be3eb2ed6eca0fb46f5bf4bab99ad8e508d72b025da681db2f7daebc0,goexec,rocksdb,sdk,create,1,4,100000,20260917,1,3,10,True,0,,2.990761375,75145,246944,10.000158125,24694.00952597437,158463,227839,0,0,0,1481685,719618048,51,18.398427,11.69011,16.367441291999967
goexec-memory-sdk-range-p1-c1-r4-n100000-w3-s10-seed20260917,7eed995be3eb2ed6eca0fb46f5bf4bab99ad8e508d72b025da681db2f7daebc0,goexec,memory,sdk,range,1,1,100000,20260917,4,3,10,True,0,,2.344183,42820,143065,10.00003175,14306.454577006718,67711,84607,0,0,0,0,443957248,13,15.145842,1.374825,15.377586916999917
tokio-memory-sdk-range-p1-c1-r4-n100000-w3-s10-seed20260917,1dda62a344f62068f971e26a499036cbea8a1e7b9a6f36e55d594ec5e894e476,tokio,memory,sdk,range,1,1,100000,20260917,4,3,10,True,0,,2.329696667,51877,174309,10.000044916,17430.821707721218,55359,74431,0,0,0,0,443957248,10,15.02206,0.220825,15.359691415999805
tokio-memory-sdk-create-p4-c4-r2-n100000-w3-s10-seed20260917,1dda62a344f62068f971e26a499036cbea8a1e7b9a6f36e55d594ec5e894e476,tokio,memory,sdk,create,4,4,100000,20260917,2,3,10,True,0,,2.290005792,266768,896800,10.000063,89679.43501955937,41183,61631,0,0,0,0,4734287872,16,53.984901,1.062079,15.719195250000212
goexec-memory-sdk-create-p4-c4-r2-n100000-w3-s10-seed20260917,7eed995be3eb2ed6eca0fb46f5bf4bab99ad8e508d72b025da681db2f7daebc0,goexec,memory,sdk,create,4,4,100000,20260917,2,3,10,True,0,,2.19652225,255868,870259,10.000056709,87025.40648762234,42303,62271,0,0,0,0,4596875264,19,53.853215,1.8373869999999999,15.578638916999807
goexec-blocking-rocksdb-sdk-update-p4-c16-r3-n100000-w3-s10-seed20260917,e963d801d8310f2cb89458be25ab0c11ddbbeddc08501d21e1d74f2cc4e7ef50,goexec-blocking,rocksdb,sdk,update,4,16,100000,20260917,3,3,10,True,0,,1.36467325,192770,561728,10.000354292,56170.80991314142,163199,523519,0,70,2808665,0,2154840064,63,35.672869,6.984246,14.554830415999731
goexec-rocksdb-sdk-update-p4-c16-r3-n100000-w3-s10-seed20260917,7eed995be3eb2ed6eca0fb46f5bf4bab99ad8e508d72b025da681db2f7daebc0,goexec,rocksdb,sdk,update,4,16,100000,20260917,3,3,10,True,0,,1.349691459,153576,479258,10.000289333,47924.41338857011,176383,502783,0,0,2034007,362308,1922596864,56,31.959814,8.347618,14.533651834000011
tokio-rocksdb-sdk-update-p4-c16-r3-n100000-w3-s10-seed20260917,1dda62a344f62068f971e26a499036cbea8a1e7b9a6f36e55d594ec5e894e476,tokio,rocksdb,sdk,update,4,16,100000,20260917,3,3,10,True,0,,1.3715888330000001,157094,458439,10.604157333,43232.006618134925,178943,430079,0,0,1975845,316388,1883766784,53,30.730354,7.585918,15.696675333000258
goexec-blocking-rocksdb-sdk-mixed-p16-c16-r0-n100000-w3-s10-seed20260917,e963d801d8310f2cb89458be25ab0c11ddbbeddc08501d21e1d74f2cc4e7ef50,goexec-blocking,rocksdb,sdk,mixed,16,16,100000,20260917,0,3,10,True,0,,1.331233417,345758,1163020,10.000313334,116298.35597709284,115199,365823,0,0,5815125,0,1059028992,90,103.259049,41.428269,14.539913708999848
goexec-rocksdb-sdk-mixed-p16-c16-r0-n100000-w3-s10-seed20260917,7eed995be3eb2ed6eca0fb46f5bf4bab99ad8e508d72b025da681db2f7daebc0,goexec,rocksdb,sdk,mixed,16,16,100000,20260917,0,3,10,True,0,,1.371334542,333941,1097181,10.000295125,109714.86204013404,124095,364799,0,0,5485848,76,1039564800,90,103.696304,48.222044,14.567826167000021
tokio-rocksdb-sdk-mixed-p16-c16-r0-n100000-w3-s10-seed20260917,1dda62a344f62068f971e26a499036cbea8a1e7b9a6f36e55d594ec5e894e476,tokio,rocksdb,sdk,mixed,16,16,100000,20260917,0,3,10,True,0,,1.4032888749999999,466183,1504611,10.000206041,150457.99994832327,92735,236031,0,0,7523007,73,1464418304,88,135.74587,29.655161,14.503240625000217
goexec-blocking-rocksdb-sdk-range-p4-c4-r0-n100000-w3-s10-seed20260917,e963d801d8310f2cb89458be25ab0c11ddbbeddc08501d21e1d74f2cc4e7ef50,goexec-blocking,rocksdb,sdk,range,4,4,100000,20260917,0,3,10,True,0,,1.378987625,78597,269471,10.000120416,26946.775517707927,136447,244735,0,0,2155787,0,267845632,54,52.7143,1.408467,14.436146999999892
goexec-rocksdb-sdk-range-p4-c4-r0-n100000-w3-s10-seed20260917,7eed995be3eb2ed6eca0fb46f5bf4bab99ad8e508d72b025da681db2f7daebc0,goexec,rocksdb,sdk,range,4,4,100000,20260917,0,3,10,True,0,,1.3655765,77304,257808,10.000150375,25780.41232704963,149247,232319,0,0,1784678,277811,266764288,54,51.020267,3.258023,14.427685084000132
tokio-rocksdb-sdk-range-p4-c4-r0-n100000-w3-s10-seed20260917,1dda62a344f62068f971e26a499036cbea8a1e7b9a6f36e55d594ec5e894e476,tokio,rocksdb,sdk,range,4,4,100000,20260917,0,3,10,True,0,,1.38733225,76279,258860,10.000100625,25885.739524746034,147839,245759,0,0,1787787,283112,267501568,51,50.65672,2.54207,14.457027166999978
goexec-memory-sdk-mixed-p16-c16-r2-n100000-w3-s10-seed20260917,7eed995be3eb2ed6eca0fb46f5bf4bab99ad8e508d72b025da681db2f7daebc0,goexec,memory,sdk,mixed,16,16,100000,20260917,2,3,10,True,0,,2.366085459,585814,1964684,10.000338375,196461.75222545906,58847,265983,0,0,0,0,1984544768,55,133.649933,21.888608,15.41362370800016
tokio-memory-sdk-mixed-p16-c16-r2-n100000-w3-s10-seed20260917,1dda62a344f62068f971e26a499036cbea8a1e7b9a6f36e55d594ec5e894e476,tokio,memory,sdk,mixed,16,16,100000,20260917,2,3,10,True,0,,2.430636208,793521,2642421,10.000159291,264237.8909282116,56191,117503,0,0,0,0,2519891968,52,174.301404,9.803799,15.475307874999999
tokio-memory-sdk-update-p4-c4-r2-n100000-w3-s10-seed20260917,1dda62a344f62068f971e26a499036cbea8a1e7b9a6f36e55d594ec5e894e476,tokio,memory,sdk,update,4,4,100000,20260917,2,3,10,True,0,,2.255803042,334729,1147675,10.000039583,114767.04571760294,33183,53439,0,0,0,0,4892590080,16,53.066952,1.349665,15.332421708999846
goexec-memory-sdk-update-p4-c4-r2-n100000-w3-s10-seed20260917,7eed995be3eb2ed6eca0fb46f5bf4bab99ad8e508d72b025da681db2f7daebc0,goexec,memory,sdk,update,4,4,100000,20260917,2,3,10,True,0,,2.261443,324278,1120412,10.0000555,112040.57817479112,34335,51647,0,0,0,0,4781473792,19,53.534269,1.967905,15.332418042000427
goexec-memory-sdk-read-p16-c64-r2-n100000-w3-s10-seed20260917,7eed995be3eb2ed6eca0fb46f5bf4bab99ad8e508d72b025da681db2f7daebc0,goexec,memory,sdk,read,16,64,100000,20260917,2,3,10,True,0,,2.244116875,942114,3209961,10.001104125,320960.66193091456,155775,712191,0,0,0,0,469483520,55,201.923268,4.930157,15.27591083299967
