variant,backend,workload,parallelism,lanes,repeats,repeat_ids,variant_ops_per_second_median,variant_ops_per_second_min,variant_ops_per_second_max,tokio_ops_per_second_median,tokio_ops_per_second_min,tokio_ops_per_second_max,ops_per_second_ratio,variant_p50_ns_median,variant_p50_ns_min,variant_p50_ns_max,tokio_p50_ns_median,tokio_p50_ns_min,tokio_p50_ns_max,p50_ns_ratio,variant_p99_ns_median,variant_p99_ns_min,variant_p99_ns_max,tokio_p99_ns_median,tokio_p99_ns_min,tokio_p99_ns_max,p99_ns_ratio
goexec,memory,create,1,1,2,"1,3",45330.66744711061,45213.38659126241,45447.94830295881,56529.27871450057,56470.16447160527,56588.39295739588,0.8018971491932841,20007.0,19967.0,20047.0,15335.0,15335.0,15335.0,1.3046625366807956,29239.0,29055.0,29423.0,30031.0,29967.0,30095.0,0.9736272518397656
goexec,memory,create,1,4,1,2,55705.313813950284,55705.313813950284,55705.313813950284,55568.48832641108,55568.48832641108,55568.48832641108,1.002462285580552,69375.0,69375.0,69375.0,71167.0,71167.0,71167.0,0.9748197900712409,88127.0,88127.0,88127.0,131711.0,131711.0,131711.0,0.6690936975651236
goexec,memory,create,16,16,2,"0,3",170081.73749404092,169712.58783099585,170450.887157086,199076.48372214875,195938.52698960912,202214.4404546884,0.8543537353785301,74911.0,74559.0,75263.0,73983.0,72703.0,75263.0,1.012543422137518,275711.0,275199.0,276223.0,135295.0,133759.0,136831.0,2.03785062271333
goexec,memory,create,16,64,2,"1,4",213900.46291395646,211978.09847060527,215822.82735730766,213907.5520887812,211502.2051878484,216312.89898971404,0.9999668586978089,209663.0,209023.0,210303.0,250751.0,247807.0,253695.0,0.8361402347348564,1184767.0,1171455.0,1198079.0,926207.0,912895.0,939519.0,1.2791600581727411
goexec,memory,create,4,16,3,"1,2,4",88397.78969282674,88358.63788202591,89096.54130075593,88408.0444129326,87409.67100301184,90060.94231661319,0.9998840069342789,80959.0,79551.0,80959.0,114559.0,112831.0,118399.0,0.7067013503958659,760831.0,755711.0,761855.0,763391.0,751615.0,767999.0,0.9966465415494812
goexec,memory,create,4,4,3,"1,2,4",86882.93164661434,85022.99720355075,87025.40648762234,89679.43501955937,88074.14696481638,92455.56005946301,0.9688166704848764,42559.0,42303.0,43135.0,41183.0,40031.0,41855.0,1.0334118446931986,62271.0,62015.0,67391.0,61631.0,60319.0,62431.0,1.0103843844818354
goexec,memory,mixed,1,1,1,1,68939.45321411622,68939.45321411622,68939.45321411622,85408.7274025817,85408.7274025817,85408.7274025817,0.8071710621464235,13879.0,13879.0,13879.0,10751.0,10751.0,10751.0,1.2909496790996187,20015.0,20015.0,20015.0,25551.0,25551.0,25551.0,0.7833352902039059
goexec,memory,mixed,1,4,3,"1,2,3",84512.45349894065,84294.14220322491,84886.83145533255,83593.17440791591,83569.72421991007,84079.90933863689,1.0109970592400148,46527.0,46239.0,46591.0,47423.0,47263.0,47487.0,0.9811062142842081,62719.0,61727.0,63167.0,95807.0,95679.0,95935.0,0.6546390138507625
goexec,memory,mixed,16,16,2,"2,3",195603.76937501872,194745.78652457838,196461.75222545906,263785.7576060752,263333.6242839388,264237.8909282116,0.7415251344506774,59135.0,58847.0,59423.0,56255.0,56191.0,56319.0,1.0511954492933961,266367.0,265983.0,266751.0,117215.0,116927.0,117503.0,2.272465128183253
goexec,memory,mixed,16,64,1,2,318957.20692296413,318957.20692296413,318957.20692296413,312745.5730452825,312745.5730452825,312745.5730452825,1.019861620476982,156159.0,156159.0,156159.0,181375.0,181375.0,181375.0,0.860973121984838,732159.0,732159.0,732159.0,581119.0,581119.0,581119.0,1.259912341534178
goexec,memory,mixed,4,16,3,"0,3,4",115316.71954712993,114361.96763145627,116583.21143808529,116248.00049483223,114921.87193631685,117279.3155401576,0.9919888433027827,67903.0,66175.0,68479.0,95615.0,95423.0,95679.0,0.7101709982743294,582143.0,573951.0,585727.0,547327.0,535551.0,561663.0,1.0636109674837895
goexec,memory,range,1,1,3,"2,3,4",14306.454577006718,14288.594205819642,14504.918892845028,17444.358060274353,17430.821707721218,17575.29982079102,0.8201192917259872,67711.0,67135.0,67839.0,55263.0,55071.0,55359.0,1.2252501673814307,84607.0,81855.0,85759.0,74303.0,73663.0,74431.0,1.1386754236033538
goexec,memory,range,1,4,4,"1,2,3,4",17072.035993715304,16987.98492746787,17091.308165913066,17341.007876276384,17288.91163478506,17392.048028428024,0.9844892589588723,231103.0,230783.0,231807.0,226239.0,225023.0,226559.0,1.0214993878155403,265471.0,264959.0,268799.0,267903.0,262143.0,275199.0,0.9909220874719581
goexec,memory,range,16,16,1,2,98445.65498509756,98445.65498509756,98445.65498509756,93487.64551367324,93487.64551367324,93487.64551367324,1.0530338468166809,156543.0,156543.0,156543.0,162047.0,162047.0,162047.0,0.9660345455330861,221439.0,221439.0,221439.0,280575.0,280575.0,280575.0,0.7892328254477412
goexec,memory,range,16,64,1,0,94975.70048515855,94975.70048515855,94975.70048515855,106975.50027092882,106975.50027092882,106975.50027092882,0.8878266541836283,376319.0,376319.0,376319.0,591871.0,591871.0,591871.0,0.6358125334743551,3112959.0,3112959.0,3112959.0,1259519.0,1259519.0,1259519.0,2.471545883785794
goexec,memory,range,4,16,2,"0,3",32908.600004791064,32886.61797110565,32930.582038476474,35325.799310834685,35152.039580394,35499.559041275366,0.9315741086344719,263871.0,256383.0,271359.0,461567.0,459007.0,464127.0,0.5716851508015087,2243583.0,2207743.0,2279423.0,916223.0,911871.0,920575.0,2.4487302763628507
goexec,memory,range,4,4,1,2,32286.931436388357,32286.931436388357,32286.931436388357,34245.11300709695,34245.11300709695,34245.11300709695,0.942818656480918,114239.0,114239.0,114239.0,107967.0,107967.0,107967.0,1.0580918243537376,206975.0,206975.0,206975.0,196863.0,196863.0,196863.0,1.0513656705424586
goexec,memory,read,1,4,1,4,91900.78185144257,91900.78185144257,91900.78185144257,91522.63725681296,91522.63725681296,91522.63725681296,1.0041317056191086,42815.0,42815.0,42815.0,43391.0,43391.0,43391.0,0.9867253577930908,56511.0,56511.0,56511.0,88383.0,88383.0,88383.0,0.6393876650487085
goexec,memory,read,16,16,2,"1,4",184342.87536100156,184326.7990339425,184358.95168806062,261411.3530180363,259261.10473253296,263561.60130353965,0.7051831270246426,61951.0,61759.0,62143.0,56575.0,55967.0,57183.0,1.0950243040212109,271359.0,271103.0,271615.0,120799.0,118015.0,123583.0,2.2463679335093834
goexec,memory,read,4,16,3,"0,1,4",115399.84578099434,114197.54710596194,115779.35410737038,114797.26588489646,113954.82723430006,116160.53726384701,1.0052490788125743,67903.0,66879.0,69439.0,97855.0,96639.0,97919.0,0.6939144652802616,587775.0,579071.0,590335.0,545791.0,538111.0,552959.0,1.0769232178617822
goexec,memory,read,4,4,2,"0,3",109656.6282296346,109272.23600130755,110041.02045796165,114367.91266998491,113939.69737946213,114796.1279605077,0.9588058894285761,34703.0,34655.0,34751.0,33103.0,33055.0,33151.0,1.0483339878560856,51791.0,51231.0,52351.0,52143.0,51903.0,52383.0,0.9932493335634697
goexec,memory,update,1,4,2,"3,4",73951.23489975954,72813.35819411877,75089.1116054003,74133.64833926555,73131.92682852349,75135.36985000761,0.9975393975125679,53503.0,52767.0,54239.0,53519.0,52927.0,54111.0,0.9997010407518825,69407.0,67135.0,71679.0,106719.0,105535.0,107903.0,0.6503715364649219
goexec,memory,update,16,16,1,1,182894.70020482008,182894.70020482008,182894.70020482008,237327.4398635739,237327.4398635739,237327.4398635739,0.770642873449256,65279.0,65279.0,65279.0,63135.0,63135.0,63135.0,1.033958976795755,274175.0,274175.0,274175.0,121727.0,121727.0,121727.0,2.252376218916099
goexec,memory,update,16,64,3,"0,3,4",275135.97801453574,272677.2644342952,283144.3577596552,276919.6990455212,275163.486603786,278857.56705584785,0.9935587065956898,175103.0,170495.0,177535.0,202751.0,200063.0,203519.0,0.8636356910693412,870911.0,845311.0,881151.0,675327.0,673279.0,683007.0,1.289613772291053
goexec,memory,update,4,16,3,"0,1,3",115606.92919097461,113072.90439514238,115618.08510045471,116032.48714842863,112604.33569086294,116940.83396343382,0.9963324240657735,65919.0,65279.0,67711.0,96063.0,95167.0,98751.0,0.6862059273601699,581631.0,579583.0,593919.0,548863.0,548351.0,564735.0,1.0597016013103453
goexec,memory,update,4,4,2,"1,2",109164.25954910173,106287.94092341232,112040.57817479112,113872.2347965817,112977.42387556045,114767.04571760294,0.9586556349237356,35151.0,34335.0,35967.0,33519.0,33183.0,33855.0,1.0486888033652555,53055.0,51647.0,54463.0,53807.0,53439.0,54175.0,0.9860241232553385
goexec,rocksdb,create,1,1,1,4,9816.382658378396,9816.382658378396,9816.382658378396,10428.21414138451,10428.21414138451,10428.21414138451,0.9413292175715828,99199.0,99199.0,99199.0,90815.0,90815.0,90815.0,1.0923195507350107,128959.0,128959.0,128959.0,127679.0,127679.0,127679.0,1.0100251411743513
goexec,rocksdb,create,1,4,2,"1,2",24619.191747845805,24544.373969717246,24694.00952597437,23435.149065760335,23226.730927980232,23643.567203540442,1.0505242223449478,158847.0,158463.0,159231.0,164799.0,164223.0,165375.0,0.9638832759907524,230207.0,227839.0,232575.0,239167.0,237439.0,240895.0,0.9625366375795992
goexec,rocksdb,create,16,16,2,"0,3",11609.486725194485,9583.109577204023,13635.86387318495,31802.987498295195,30343.700091976603,33262.27490461379,0.36504390431297734,381183.0,365055.0,397311.0,197055.0,193407.0,200703.0,1.9343990256527366,7608319.0,6885375.0,8331263.0,7350271.0,6774783.0,7925759.0,1.0351072769969978
goexec,rocksdb,create,16,64,2,"2,3",34664.03770676882,31368.379656795933,37959.695756741705,31277.697817777436,30724.246568243994,31831.14906731088,1.1082669162135927,617471.0,599551.0,635391.0,578047.0,557567.0,598527.0,1.0682020666139604,8898559.0,8122367.0,9674751.0,8828927.0,8351743.0,9306111.0,1.0078868020995078
goexec,rocksdb,create,4,16,1,3,40121.668568946356,40121.668568946356,40121.668568946356,33688.229359225305,33688.229359225305,33688.229359225305,1.1909699420862943,211839.0,211839.0,211839.0,218623.0,218623.0,218623.0,0.9689694130992622,641023.0,641023.0,641023.0,574975.0,574975.0,574975.0,1.1148710813513631
goexec,rocksdb,create,4,4,3,"0,2,4",32938.43035397848,32331.542828442034,38511.38825164137,32640.002022893532,30407.607954171985,32858.529465869346,1.0091430242827693,91519.0,91391.0,92479.0,85247.0,83519.0,86719.0,1.0735744366370663,172031.0,167167.0,177407.0,165247.0,152575.0,200575.0,1.0410536953772231
goexec,rocksdb,mixed,1,1,1,0,16196.52259357922,16196.52259357922,16196.52259357922,17376.951488764527,17376.951488764527,17376.951488764527,0.9320692760206795,56351.0,56351.0,56351.0,51167.0,51167.0,51167.0,1.1013153008775187,104063.0,104063.0,104063.0,100863.0,100863.0,100863.0,1.0317262028692384
goexec,rocksdb,mixed,1,4,1,4,43282.62406859401,43282.62406859401,43282.62406859401,41067.341754173765,41067.341754173765,41067.341754173765,1.0539426760972446,85439.0,85439.0,85439.0,91711.0,91711.0,91711.0,0.9316112571011111,163967.0,163967.0,163967.0,169087.0,169087.0,169087.0,0.9697197300797814
goexec,rocksdb,mixed,16,16,2,"0,2",111065.26961191157,109714.86204013404,112415.6771836891,147129.5210969934,143801.04224566356,150457.99994832327,0.7548809292914989,123071.0,122047.0,124095.0,92831.0,92735.0,92927.0,1.325753250530534,363135.0,361471.0,364799.0,235519.0,235007.0,236031.0,1.541850126741367
goexec,rocksdb,mixed,16,64,1,2,175500.72576724418,175500.72576724418,175500.72576724418,162478.61255975594,162478.61255975594,162478.61255975594,1.0801466297768822,246655.0,246655.0,246655.0,291839.0,291839.0,291839.0,0.8451749080828813,1502207.0,1502207.0,1502207.0,1186815.0,1186815.0,1186815.0,1.2657465569612787
goexec,rocksdb,mixed,4,16,2,"2,3",94776.28002483622,93700.68814279398,95851.87190687846,94915.68883812646,94495.68013583095,95335.69754042198,0.9985312352994878,109535.0,107519.0,111551.0,138239.0,137087.0,139391.0,0.7923596090828203,777215.0,770559.0,783871.0,584703.0,584191.0,585215.0,1.329247498302557
goexec,rocksdb,mixed,4,4,1,4,77061.95721740622,77061.95721740622,77061.95721740622,81527.52429670977,81527.52429670977,81527.52429670977,0.9452262641626201,42943.0,42943.0,42943.0,40511.0,40511.0,40511.0,1.0600330774357583,110463.0,110463.0,110463.0,100863.0,100863.0,100863.0,1.0951786086077153
goexec,rocksdb,range,1,1,5,"0,1,2,3,4",6986.557702681012,6867.437220635904,7272.41045844623,6846.385451430916,6779.320286040349,7109.880655436712,1.0204739058652914,140031.0,135679.0,142975.0,143231.0,138495.0,144383.0,0.9776584677897941,178943.0,165631.0,182527.0,178047.0,168319.0,180735.0,1.0050323790909141
goexec,rocksdb,range,1,4,1,3,13076.22276356904,13076.22276356904,13076.22276356904,13033.261406295274,13033.261406295274,13033.261406295274,1.0032962860127255,303615.0,303615.0,303615.0,305407.0,305407.0,305407.0,0.9941324200165681,422655.0,422655.0,422655.0,417535.0,417535.0,417535.0,1.0122624450644857
goexec,rocksdb,range,16,64,2,"0,4",69676.0019096114,67562.74101068432,71789.26280853848,77962.8085150157,76016.86456335617,79908.75246667523,0.893708208269482,492159.0,481023.0,503295.0,814591.0,795135.0,834047.0,0.6041792752436499,4509695.0,4308991.0,4710399.0,1741823.0,1691647.0,1791999.0,2.589066168031999
goexec,rocksdb,range,4,16,1,4,28098.90207962154,28098.90207962154,28098.90207962154,28328.574177802217,28328.574177802217,28328.574177802217,0.9918925641389801,414463.0,414463.0,414463.0,556543.0,556543.0,556543.0,0.7447097528852218,2142207.0,2142207.0,2142207.0,1238015.0,1238015.0,1238015.0,1.7303562557804226
goexec,rocksdb,range,4,4,3,"0,1,2",25780.41232704963,25625.800985778013,26157.17390636006,26057.838554327198,25885.739524746034,26261.100282418713,0.989353444388752,149247.0,146943.0,150143.0,146687.0,145151.0,147839.0,1.0174521259552654,232319.0,229759.0,238207.0,234751.0,230015.0,245759.0,0.989640086730195
goexec,rocksdb,read,1,1,2,"1,2",19973.850754620966,19956.372310533417,19991.32919870851,19142.856454726432,18822.8425903301,19462.87031912276,1.0434101515549608,49391.0,49183.0,49599.0,51311.0,50143.0,52479.0,0.9625811229560913,72671.0,72511.0,72831.0,71519.0,71487.0,71551.0,1.016107607768565
goexec,rocksdb,read,1,4,3,"0,2,3",46822.72736600653,46516.06043275884,47232.62351348124,40650.514563750236,40330.985094990836,40987.07219743394,1.1518360313146028,84095.0,83583.0,84671.0,97151.0,96127.0,97919.0,0.865611264938086,129983.0,126143.0,131199.0,144383.0,144255.0,145023.0,0.9002652666865213
goexec,rocksdb,read,4,16,3,"0,3,4",103915.01042759829,103459.23469133124,104049.24473262043,103811.97234042676,102841.45536604864,104870.04616442886,1.0009925453187003,70463.0,69887.0,70463.0,110463.0,109823.0,111679.0,0.6378877995346858,755711.0,745983.0,759295.0,574463.0,565759.0,578047.0,1.3155085706129028
goexec,rocksdb,read,4,4,3,"0,1,4",97779.73024661995,96348.31953999326,98602.49671313626,99073.82114650025,97761.25253698579,99883.07008328976,0.9869381145805739,38591.0,38175.0,38975.0,37759.0,37439.0,37887.0,1.022034481845388,61439.0,60799.0,64959.0,61599.0,61055.0,67583.0,0.9974025552362863
goexec,rocksdb,update,1,1,1,2,9938.460246159015,9938.460246159015,9938.460246159015,11709.78978160368,11709.78978160368,11709.78978160368,0.8487308851412977,93695.0,93695.0,93695.0,81535.0,81535.0,81535.0,1.1491384068191575,205439.0,205439.0,205439.0,139391.0,139391.0,139391.0,1.473832600383095
goexec,rocksdb,update,1,4,2,"2,3",30492.729587178976,30342.10643860581,30643.35273575214,29197.04218179597,29025.06740749285,29369.016956099087,1.0443773515589485,128223.0,127039.0,129407.0,134719.0,133631.0,135807.0,0.9517811147648068,195455.0,195327.0,195583.0,197055.0,196863.0,197247.0,0.9918804394712136
goexec,rocksdb,update,16,16,1,2,6304.179931111135,6304.179931111135,6304.179931111135,25179.675211304857,25179.675211304857,25179.675211304857,0.25036780173720286,501503.0,501503.0,501503.0,190591.0,190591.0,190591.0,2.6313047310733455,7319551.0,7319551.0,7319551.0,6918143.0,6918143.0,6918143.0,1.058022506906839
goexec,rocksdb,update,4,16,3,"1,2,3",47924.41338857011,36284.64383974943,52186.56602766947,43232.006618134925,42850.46334470319,58829.09637364256,1.1085401103835606,174335.0,173183.0,176383.0,181503.0,178943.0,182143.0,0.9605075398202785,485119.0,470271.0,502783.0,448511.0,430079.0,458239.0,1.081621186548379
goexec,rocksdb,update,4,4,2,"0,1",44520.73785694645,44271.929941227354,44769.545772665544,44425.355753706135,40369.0781431334,48481.63336427887,1.002147019458192,86655.0,86015.0,87295.0,80383.0,79615.0,81151.0,1.0780264483783886,145215.0,144895.0,145535.0,165119.0,131583.0,198655.0,0.879456634306167
goexec-blocking,rocksdb,create,1,1,1,4,16586.654386700437,16586.654386700437,16586.654386700437,10428.21414138451,10428.21414138451,10428.21414138451,1.5905555986691982,58047.0,58047.0,58047.0,90815.0,90815.0,90815.0,0.639178549799042,75711.0,75711.0,75711.0,127679.0,127679.0,127679.0,0.5929792683213371
goexec-blocking,rocksdb,create,1,4,2,"1,2",29872.627881495868,23534.642884183377,36210.61287880836,23435.149065760335,23226.730927980232,23643.567203540442,1.2746933163374214,92511.0,92479.0,92543.0,164799.0,164223.0,165375.0,0.5613565616296216,148287.0,144511.0,152063.0,239167.0,237439.0,240895.0,0.6200144668787918
goexec-blocking,rocksdb,create,16,16,2,"0,3",8075.14046249238,5758.2477446202265,10392.033180364533,31802.987498295195,30343.700091976603,33262.27490461379,0.25391138058728757,437503.0,380159.0,494847.0,197055.0,193407.0,200703.0,2.220207556266017,7856127.0,7208959.0,8503295.0,7350271.0,6774783.0,7925759.0,1.0688214080814162
goexec-blocking,rocksdb,create,16,64,2,"2,3",32546.10219943735,31632.998659348046,33459.20573952666,31277.697817777436,30724.246568243994,31831.14906731088,1.0405529968685543,611583.0,609279.0,613887.0,578047.0,557567.0,598527.0,1.0580160436781092,8990719.0,8601599.0,9379839.0,8828927.0,8351743.0,9306111.0,1.0183252166429737
goexec-blocking,rocksdb,create,4,16,1,3,32304.940827656777,32304.940827656777,32304.940827656777,33688.229359225305,33688.229359225305,33688.229359225305,0.9589385207272783,195455.0,195455.0,195455.0,218623.0,218623.0,218623.0,0.8940276183201219,676863.0,676863.0,676863.0,574975.0,574975.0,574975.0,1.1772042262707074
goexec-blocking,rocksdb,create,4,4,3,"0,2,4",34094.222841243674,33666.32323252334,35792.372130825075,32640.002022893532,30407.607954171985,32858.529465869346,1.0445533311342983,91839.0,91071.0,91967.0,85247.0,83519.0,86719.0,1.0773282344246717,163199.0,160895.0,163583.0,165247.0,152575.0,200575.0,0.9876064315842346
goexec-blocking,rocksdb,mixed,1,1,1,0,41014.16069202839,41014.16069202839,41014.16069202839,17376.951488764527,17376.951488764527,17376.951488764527,2.3602621391069114,16959.0,16959.0,16959.0,51167.0,51167.0,51167.0,0.3314440948267438,63167.0,63167.0,63167.0,100863.0,100863.0,100863.0,0.6262653302003708
goexec-blocking,rocksdb,mixed,1,4,1,4,60762.813144835425,60762.813144835425,60762.813144835425,41067.341754173765,41067.341754173765,41067.341754173765,1.479589633742485,47487.0,47487.0,47487.0,91711.0,91711.0,91711.0,0.5177895781313038,231167.0,231167.0,231167.0,169087.0,169087.0,169087.0,1.3671482727826503
goexec-blocking,rocksdb,mixed,16,16,2,"0,2",116904.76716780933,116298.35597709284,117511.17835852581,147129.5210969934,143801.04224566356,150457.99994832327,0.7945704322026661,114591.0,113983.0,115199.0,92831.0,92735.0,92927.0,1.234404455408215,363775.0,361727.0,365823.0,235519.0,235007.0,236031.0,1.5445675295836006
goexec-blocking,rocksdb,mixed,16,64,1,2,199284.1106861806,199284.1106861806,199284.1106861806,162478.61255975594,162478.61255975594,162478.61255975594,1.2265251872020289,222591.0,222591.0,222591.0,291839.0,291839.0,291839.0,0.7627184851921779,1275903.0,1275903.0,1275903.0,1186815.0,1186815.0,1186815.0,1.0750647742065949
goexec-blocking,rocksdb,mixed,4,16,2,"2,3",95724.76351561054,95469.21691403401,95980.31011718707,94915.68883812646,94495.68013583095,95335.69754042198,1.0085241406071856,87423.0,87359.0,87487.0,138239.0,137087.0,139391.0,0.6324047482982371,795647.0,793087.0,798207.0,584703.0,584191.0,585215.0,1.3607711949485466
goexec-blocking,rocksdb,mixed,4,4,1,4,82408.29670534148,82408.29670534148,82408.29670534148,81527.52429670977,81527.52429670977,81527.52429670977,1.0108033748875562,40959.0,40959.0,40959.0,40511.0,40511.0,40511.0,1.0110587247907976,98559.0,98559.0,98559.0,100863.0,100863.0,100863.0,0.9771571339341483
goexec-blocking,rocksdb,range,1,1,5,"0,1,2,3,4",10804.325855313817,10607.354255784772,10948.626553328493,6846.385451430916,6779.320286040349,7109.880655436712,1.5781065690737115,90495.0,89919.0,92351.0,143231.0,138495.0,144383.0,0.631811549175807,110399.0,104703.0,111807.0,178047.0,168319.0,180735.0,0.6200553786359781
goexec-blocking,rocksdb,range,1,4,1,3,12335.96052492632,12335.96052492632,12335.96052492632,13033.261406295274,13033.261406295274,13033.261406295274,0.9464983583439717,320767.0,320767.0,320767.0,305407.0,305407.0,305407.0,1.050293542715131,367359.0,367359.0,367359.0,417535.0,417535.0,417535.0,0.879828038368041
goexec-blocking,rocksdb,range,16,64,2,"0,4",75989.07669608094,74519.9662864894,77458.18710567249,77962.8085150157,76016.86456335617,79908.75246667523,0.974683674735055,458367.0,448255.0,468479.0,814591.0,795135.0,834047.0,0.5626958805093599,3976191.0,3905535.0,4046847.0,1741823.0,1691647.0,1791999.0,2.2827755747857275
goexec-blocking,rocksdb,range,4,16,1,4,29336.033212337385,29336.033212337385,29336.033212337385,28328.574177802217,28328.574177802217,28328.574177802217,1.0355633512725324,291583.0,291583.0,291583.0,556543.0,556543.0,556543.0,0.5239181878129812,2551807.0,2551807.0,2551807.0,1238015.0,1238015.0,1238015.0,2.061208466779482
goexec-blocking,rocksdb,range,4,4,3,"0,1,2",27962.95488959964,26946.775517707927,29318.109017767998,26057.838554327198,25885.739524746034,26261.100282418713,1.0731110652673868,133247.0,127615.0,136447.0,146687.0,145151.0,147839.0,0.9083763387348572,231039.0,213887.0,244735.0,234751.0,230015.0,245759.0,0.9841875007987186
goexec-blocking,rocksdb,read,1,1,2,"1,2",62699.463375184416,62526.90017027975,62872.026580089085,19142.856454726432,18822.8425903301,19462.87031912276,3.2753452194279875,15855.0,15791.0,15919.0,51311.0,50143.0,52479.0,0.3089980705891524,23279.0,23135.0,23423.0,71519.0,71487.0,71551.0,0.32549392469134075
goexec-blocking,rocksdb,read,1,4,3,"0,2,3",76503.5298246064,75450.68913847399,78963.42455404355,40650.514563750236,40330.985094990836,40987.07219743394,1.8819818308727585,51647.0,50047.0,52383.0,97151.0,96127.0,97919.0,0.5316157322106824,66303.0,64319.0,67199.0,144383.0,144255.0,145023.0,0.45921611270024865
goexec-blocking,rocksdb,read,4,16,3,"0,3,4",103665.50919532798,102521.5894611278,104492.46443525811,103811.97234042676,102841.45536604864,104870.04616442886,0.9985891497695614,75647.0,75199.0,77951.0,110463.0,109823.0,111679.0,0.6848175407149906,650751.0,643583.0,657919.0,574463.0,565759.0,578047.0,1.1327988051449789
goexec-blocking,rocksdb,read,4,4,3,"0,1,4",100706.31449074697,99946.61506267557,101260.53884938003,99073.82114650025,97761.25253698579,99883.07008328976,1.0164775449796446,38111.0,37919.0,38175.0,37759.0,37439.0,37887.0,1.009322280780741,54815.0,54559.0,55839.0,61599.0,61055.0,67583.0,0.8898683420185393
goexec-blocking,rocksdb,update,1,1,1,2,18190.629511310643,18190.629511310643,18190.629511310643,11709.78978160368,11709.78978160368,11709.78978160368,1.553454831434164,53855.0,53855.0,53855.0,81535.0,81535.0,81535.0,0.6605138897406022,94271.0,94271.0,94271.0,139391.0,139391.0,139391.0,0.6763062177615484
goexec-blocking,rocksdb,update,1,4,2,"2,3",44064.075307554784,39621.4816731251,48506.66894198447,29197.04218179597,29025.06740749285,29369.016956099087,1.5091965491979953,78015.0,76735.0,79295.0,134719.0,133631.0,135807.0,0.5790942628730914,135231.0,133119.0,137343.0,197055.0,196863.0,197247.0,0.6862601811676943
goexec-blocking,rocksdb,update,16,16,1,2,6317.220556864267,6317.220556864267,6317.220556864267,25179.675211304857,25179.675211304857,25179.675211304857,0.2508857045951109,495615.0,495615.0,495615.0,190591.0,190591.0,190591.0,2.6004113520575474,7294975.0,7294975.0,7294975.0,6918143.0,6918143.0,6918143.0,1.0544701085247876
goexec-blocking,rocksdb,update,4,16,3,"1,2,3",56116.826933293,37792.621414582245,56170.80991314142,43232.006618134925,42850.46334470319,58829.09637364256,1.2980389142925686,163199.0,160127.0,164607.0,181503.0,178943.0,182143.0,0.8991531820410682,519423.0,512255.0,523519.0,448511.0,430079.0,458239.0,1.1581053753419648
goexec-blocking,rocksdb,update,4,4,2,"0,1",37346.79780729874,29428.41695645998,45265.1786581375,44425.355753706135,40369.0781431334,48481.63336427887,0.8406640121094162,85023.0,84351.0,85695.0,80383.0,79615.0,81151.0,1.0577236480350323,149119.0,141951.0,156287.0,165119.0,131583.0,198655.0,0.9031001883490088
