variant,backend,access,workload,parallelism,lanes,records,repeats,ops_per_second_median,ops_per_second_min,ops_per_second_max,p50_ns_median,p50_ns_min,p50_ns_max,p99_ns_median,p99_ns_min,p99_ns_max,peak_rss_bytes_median,peak_rss_bytes_min,peak_rss_bytes_max,peak_threads_sampled_median,peak_threads_sampled_min,peak_threads_sampled_max,handoffs_median,handoffs_min,handoffs_max,rocksdb_granted_median,rocksdb_granted_min,rocksdb_granted_max,rocksdb_diverted_median,rocksdb_diverted_min,rocksdb_diverted_max,throughput_vs_tokio
goexec,memory,sdk,create,1,1,100000,2,45330.66744711061,45213.38659126241,45447.94830295881,20007.0,19967.0,20047.0,29239.0,29055.0,29423.0,2601164800.0,2597044224.0,2605285376.0,13.0,13.0,13.0,0.0,0.0,0.0,0.0,0.0,0.0,0.0,0.0,0.0,0.8018971491932841
goexec,memory,sdk,create,1,4,100000,1,55705.313813950284,55705.313813950284,55705.313813950284,69375.0,69375.0,69375.0,88127.0,88127.0,88127.0,3104915456.0,3104915456.0,3104915456.0,13.0,13.0,13.0,0.0,0.0,0.0,0.0,0.0,0.0,0.0,0.0,0.0,1.002462285580552
goexec,memory,sdk,create,16,16,100000,2,170081.73749404092,169712.58783099585,170450.887157086,74911.0,74559.0,75263.0,275711.0,275199.0,276223.0,8627298304.0,8613396480.0,8641200128.0,55.0,55.0,55.0,0.0,0.0,0.0,0.0,0.0,0.0,0.0,0.0,0.0,0.8543537353785301
goexec,memory,sdk,create,16,64,100000,2,213900.46291395646,211978.09847060527,215822.82735730766,209663.0,209023.0,210303.0,1184767.0,1171455.0,1198079.0,10842382336.0,10775871488.0,10908893184.0,55.0,55.0,55.0,0.0,0.0,0.0,0.0,0.0,0.0,0.0,0.0,0.0,0.9999668586978089
goexec,memory,sdk,create,4,16,100000,3,88397.78969282674,88358.63788202591,89096.54130075593,80959.0,79551.0,80959.0,760831.0,755711.0,761855.0,4693835776.0,4688052224.0,4715855872.0,19.0,19.0,19.0,0.0,0.0,0.0,0.0,0.0,0.0,0.0,0.0,0.0,0.9998840069342789
goexec,memory,sdk,create,4,4,100000,3,86882.93164661434,85022.99720355075,87025.40648762234,42559.0,42303.0,43135.0,62271.0,62015.0,67391.0,4590059520.0,4471308288.0,4596875264.0,19.0,19.0,19.0,0.0,0.0,0.0,0.0,0.0,0.0,0.0,0.0,0.0,0.9688166704848764
goexec,memory,sdk,mixed,1,1,100000,1,68939.45321411622,68939.45321411622,68939.45321411622,13879.0,13879.0,13879.0,20015.0,20015.0,20015.0,979664896.0,979664896.0,979664896.0,13.0,13.0,13.0,0.0,0.0,0.0,0.0,0.0,0.0,0.0,0.0,0.0,0.8071710621464235
goexec,memory,sdk,mixed,1,4,100000,3,84512.45349894065,84294.14220322491,84886.83145533255,46527.0,46239.0,46591.0,62719.0,61727.0,63167.0,1100529664.0,1098317824.0,1103085568.0,13.0,13.0,13.0,0.0,0.0,0.0,0.0,0.0,0.0,0.0,0.0,0.0,1.0109970592400148
goexec,memory,sdk,mixed,16,16,100000,2,195603.76937501872,194745.78652457838,196461.75222545906,59135.0,58847.0,59423.0,266367.0,265983.0,266751.0,1977188352.0,1969831936.0,1984544768.0,55.0,55.0,55.0,0.0,0.0,0.0,0.0,0.0,0.0,0.0,0.0,0.0,0.7415251344506774
goexec,memory,sdk,mixed,16,64,100000,1,318957.20692296413,318957.20692296413,318957.20692296413,156159.0,156159.0,156159.0,732159.0,732159.0,732159.0,2963750912.0,2963750912.0,2963750912.0,55.0,55.0,55.0,0.0,0.0,0.0,0.0,0.0,0.0,0.0,0.0,0.0,1.019861620476982
goexec,memory,sdk,mixed,4,16,100000,3,115316.71954712993,114361.96763145627,116583.21143808529,67903.0,66175.0,68479.0,582143.0,573951.0,585727.0,1344094208.0,1338114048.0,1354711040.0,19.0,19.0,19.0,0.0,0.0,0.0,0.0,0.0,0.0,0.0,0.0,0.0,0.9919888433027827
goexec,memory,sdk,range,1,1,100000,3,14306.454577006718,14288.594205819642,14504.918892845028,67711.0,67135.0,67839.0,84607.0,81855.0,85759.0,443973632.0,443957248.0,444186624.0,13.0,13.0,13.0,0.0,0.0,0.0,0.0,0.0,0.0,0.0,0.0,0.0,0.8201192917259872
goexec,memory,sdk,range,1,4,100000,4,17072.035993715304,16987.98492746787,17091.308165913066,231103.0,230783.0,231807.0,265471.0,264959.0,268799.0,444301312.0,444071936.0,444383232.0,13.0,13.0,13.0,0.0,0.0,0.0,0.0,0.0,0.0,0.0,0.0,0.0,0.9844892589588723
goexec,memory,sdk,range,16,16,100000,1,98445.65498509756,98445.65498509756,98445.65498509756,156543.0,156543.0,156543.0,221439.0,221439.0,221439.0,456392704.0,456392704.0,456392704.0,55.0,55.0,55.0,0.0,0.0,0.0,0.0,0.0,0.0,0.0,0.0,0.0,1.0530338468166809
goexec,memory,sdk,range,16,64,100000,1,94975.70048515855,94975.70048515855,94975.70048515855,376319.0,376319.0,376319.0,3112959.0,3112959.0,3112959.0,466534400.0,466534400.0,466534400.0,55.0,55.0,55.0,0.0,0.0,0.0,0.0,0.0,0.0,0.0,0.0,0.0,0.8878266541836283
goexec,memory,sdk,range,4,16,100000,2,32908.600004791064,32886.61797110565,32930.582038476474,263871.0,256383.0,271359.0,2243583.0,2207743.0,2279423.0,448004096.0,447856640.0,448151552.0,19.0,19.0,19.0,0.0,0.0,0.0,0.0,0.0,0.0,0.0,0.0,0.0,0.9315741086344719
goexec,memory,sdk,range,4,4,100000,1,32286.931436388357,32286.931436388357,32286.931436388357,114239.0,114239.0,114239.0,206975.0,206975.0,206975.0,446873600.0,446873600.0,446873600.0,19.0,19.0,19.0,0.0,0.0,0.0,0.0,0.0,0.0,0.0,0.0,0.0,0.942818656480918
goexec,memory,sdk,read,1,4,100000,1,91900.78185144257,91900.78185144257,91900.78185144257,42815.0,42815.0,42815.0,56511.0,56511.0,56511.0,443596800.0,443596800.0,443596800.0,13.0,13.0,13.0,0.0,0.0,0.0,0.0,0.0,0.0,0.0,0.0,0.0,1.0041317056191086
goexec,memory,sdk,read,16,16,100000,2,184342.87536100156,184326.7990339425,184358.95168806062,61951.0,61759.0,62143.0,271359.0,271103.0,271615.0,449912832.0,449904640.0,449921024.0,55.0,55.0,55.0,0.0,0.0,0.0,0.0,0.0,0.0,0.0,0.0,0.0,0.7051831270246426
goexec,memory,sdk,read,16,64,100000,1,320960.66193091456,320960.66193091456,320960.66193091456,155775.0,155775.0,155775.0,712191.0,712191.0,712191.0,469483520.0,469483520.0,469483520.0,55.0,55.0,55.0,0.0,0.0,0.0,0.0,0.0,0.0,0.0,0.0,0.0,
goexec,memory,sdk,read,4,16,100000,3,115399.84578099434,114197.54710596194,115779.35410737038,67903.0,66879.0,69439.0,587775.0,579071.0,590335.0,446562304.0,446267392.0,447561728.0,19.0,19.0,19.0,0.0,0.0,0.0,0.0,0.0,0.0,0.0,0.0,0.0,1.0052490788125743
goexec,memory,sdk,read,4,4,100000,2,109656.6282296346,109272.23600130755,110041.02045796165,34703.0,34655.0,34751.0,51791.0,51231.0,52351.0,444858368.0,444235776.0,445480960.0,19.0,19.0,19.0,0.0,0.0,0.0,0.0,0.0,0.0,0.0,0.0,0.0,0.9588058894285761
goexec,memory,sdk,update,1,4,100000,2,73951.23489975954,72813.35819411877,75089.1116054003,53503.0,52767.0,54239.0,69407.0,67135.0,71679.0,3324280832.0,3280158720.0,3368402944.0,13.0,13.0,13.0,0.0,0.0,0.0,0.0,0.0,0.0,0.0,0.0,0.0,0.9975393975125679
goexec,memory,sdk,update,16,16,100000,1,182894.70020482008,182894.70020482008,182894.70020482008,65279.0,65279.0,65279.0,274175.0,274175.0,274175.0,7604846592.0,7604846592.0,7604846592.0,55.0,55.0,55.0,0.0,0.0,0.0,0.0,0.0,0.0,0.0,0.0,0.0,0.770642873449256
goexec,memory,sdk,update,16,64,100000,3,275135.97801453574,272677.2644342952,283144.3577596552,175103.0,170495.0,177535.0,870911.0,845311.0,881151.0,11219386368.0,11109433344.0,11509776384.0,55.0,55.0,55.0,0.0,0.0,0.0,0.0,0.0,0.0,0.0,0.0,0.0,0.9935587065956898
goexec,memory,sdk,update,4,16,100000,3,115606.92919097461,113072.90439514238,115618.08510045471,65919.0,65279.0,67711.0,581631.0,579583.0,593919.0,4926128128.0,4842356736.0,4973395968.0,19.0,19.0,19.0,0.0,0.0,0.0,0.0,0.0,0.0,0.0,0.0,0.0,0.9963324240657735
goexec,memory,sdk,update,4,4,100000,2,109164.25954910173,106287.94092341232,112040.57817479112,35151.0,34335.0,35967.0,53055.0,51647.0,54463.0,4686143488.0,4590813184.0,4781473792.0,19.0,19.0,19.0,0.0,0.0,0.0,0.0,0.0,0.0,0.0,0.0,0.0,0.9586556349237356
goexec,rocksdb,sdk,create,1,1,100000,1,9816.382658378396,9816.382658378396,9816.382658378396,99199.0,99199.0,99199.0,128959.0,128959.0,128959.0,454918144.0,454918144.0,454918144.0,49.0,49.0,49.0,0.0,0.0,0.0,0.0,0.0,0.0,589011.0,589011.0,589011.0,0.9413292175715828
goexec,rocksdb,sdk,create,1,4,100000,2,24619.191747845805,24544.373969717246,24694.00952597437,158847.0,158463.0,159231.0,230207.0,227839.0,232575.0,718004224.0,716390400.0,719618048.0,51.0,51.0,51.0,0.0,0.0,0.0,0.0,0.0,0.0,1477194.0,1472703.0,1481685.0,1.0505242223449478
goexec,rocksdb,sdk,create,16,16,100000,2,11609.486725194485,9583.109577204023,13635.86387318495,381183.0,365055.0,397311.0,7608319.0,6885375.0,8331263.0,494632960.0,462225408.0,527040512.0,91.5,91.0,92.0,0.0,0.0,0.0,696551.5,574754.0,818349.0,211.5,124.0,299.0,0.36504390431297734
goexec,rocksdb,sdk,create,16,64,100000,2,34664.03770676882,31368.379656795933,37959.695756741705,617471.0,599551.0,635391.0,8898559.0,8122367.0,9674751.0,928366592.0,886571008.0,970162176.0,93.0,93.0,93.0,0.0,0.0,0.0,2069219.0,1868516.0,2269922.0,11657.0,8795.0,14519.0,1.1082669162135927
goexec,rocksdb,sdk,create,4,16,100000,1,40121.668568946356,40121.668568946356,40121.668568946356,211839.0,211839.0,211839.0,641023.0,641023.0,641023.0,943652864.0,943652864.0,943652864.0,57.0,57.0,57.0,0.0,0.0,0.0,2110614.0,2110614.0,2110614.0,296775.0,296775.0,296775.0,1.1909699420862943
goexec,rocksdb,sdk,create,4,4,100000,3,32938.43035397848,32331.542828442034,38511.38825164137,91519.0,91391.0,92479.0,172031.0,167167.0,177407.0,828342272.0,797147136.0,981024768.0,57.0,57.0,57.0,0.0,0.0,0.0,1924933.0,1893893.0,2251522.0,51426.0,46040.0,59205.0,1.0091430242827693
goexec,rocksdb,sdk,mixed,1,1,100000,1,16196.52259357922,16196.52259357922,16196.52259357922,56351.0,56351.0,56351.0,104063.0,104063.0,104063.0,321208320.0,321208320.0,321208320.0,48.0,48.0,48.0,0.0,0.0,0.0,0.0,0.0,0.0,809851.0,809851.0,809851.0,0.9320692760206795
goexec,rocksdb,sdk,mixed,1,4,100000,1,43282.62406859401,43282.62406859401,43282.62406859401,85439.0,85439.0,85439.0,163967.0,163967.0,163967.0,661372928.0,661372928.0,661372928.0,48.0,48.0,48.0,0.0,0.0,0.0,0.0,0.0,0.0,2164176.0,2164176.0,2164176.0,1.0539426760972446
goexec,rocksdb,sdk,mixed,16,16,100000,2,111065.26961191157,109714.86204013404,112415.6771836891,123071.0,122047.0,124095.0,363135.0,361471.0,364799.0,1043005440.0,1039564800.0,1046446080.0,90.0,90.0,90.0,0.0,0.0,0.0,5553375.5,5485848.0,5620903.0,71.0,66.0,76.0,0.7548809292914989
goexec,rocksdb,sdk,mixed,16,64,100000,1,175500.72576724418,175500.72576724418,175500.72576724418,246655.0,246655.0,246655.0,1502207.0,1502207.0,1502207.0,1663746048.0,1663746048.0,1663746048.0,92.0,92.0,92.0,0.0,0.0,0.0,8774789.0,8774789.0,8774789.0,1051.0,1051.0,1051.0,1.0801466297768822
goexec,rocksdb,sdk,mixed,4,16,100000,2,94776.28002483622,93700.68814279398,95851.87190687846,109535.0,107519.0,111551.0,777215.0,770559.0,783871.0,984072192.0,980942848.0,987201536.0,54.0,54.0,54.0,0.0,0.0,0.0,4338328.0,4277550.0,4399106.0,400642.0,393639.0,407645.0,0.9985312352994878
goexec,rocksdb,sdk,mixed,4,4,100000,1,77061.95721740622,77061.95721740622,77061.95721740622,42943.0,42943.0,42943.0,110463.0,110463.0,110463.0,907182080.0,907182080.0,907182080.0,54.0,54.0,54.0,0.0,0.0,0.0,3658664.0,3658664.0,3658664.0,194481.0,194481.0,194481.0,0.9452262641626201
goexec,rocksdb,sdk,range,1,1,100000,5,6986.557702681012,6867.437220635904,7272.41045844623,140031.0,135679.0,142975.0,178943.0,165631.0,182527.0,264798208.0,264536064.0,265043968.0,48.0,48.0,48.0,0.0,0.0,0.0,0.0,0.0,0.0,558949.0,549426.0,581821.0,1.0204739058652914
goexec,rocksdb,sdk,range,1,4,100000,1,13076.22276356904,13076.22276356904,13076.22276356904,303615.0,303615.0,303615.0,422655.0,422655.0,422655.0,266010624.0,266010624.0,266010624.0,48.0,48.0,48.0,0.0,0.0,0.0,0.0,0.0,0.0,1046139.0,1046139.0,1046139.0,1.0032962860127255
goexec,rocksdb,sdk,range,16,64,100000,2,69676.0019096114,67562.74101068432,71789.26280853848,492159.0,481023.0,503295.0,4509695.0,4308991.0,4710399.0,290439168.0,290422784.0,290455552.0,90.0,90.0,90.0,0.0,0.0,0.0,5575073.0,5405866.0,5744280.0,12.0,9.0,15.0,0.893708208269482
goexec,rocksdb,sdk,range,4,16,100000,1,28098.90207962154,28098.90207962154,28098.90207962154,414463.0,414463.0,414463.0,2142207.0,2142207.0,2142207.0,269926400.0,269926400.0,269926400.0,54.0,54.0,54.0,0.0,0.0,0.0,1887454.0,1887454.0,1887454.0,360592.0,360592.0,360592.0,0.9918925641389801
goexec,rocksdb,sdk,range,4,4,100000,3,25780.41232704963,25625.800985778013,26157.17390636006,149247.0,146943.0,150143.0,232319.0,229759.0,238207.0,266829824.0,266764288.0,267304960.0,54.0,54.0,54.0,0.0,0.0,0.0,1784678.0,1779073.0,1819579.0,273040.0,271048.0,277811.0,0.989353444388752
goexec,rocksdb,sdk,read,1,1,100000,2,19973.850754620966,19956.372310533417,19991.32919870851,49391.0,49183.0,49599.0,72671.0,72511.0,72831.0,263962624.0,263946240.0,263979008.0,48.0,48.0,48.0,0.0,0.0,0.0,0.0,0.0,0.0,998719.0,997847.0,999591.0,1.0434101515549608
goexec,rocksdb,sdk,read,1,4,100000,3,46822.72736600653,46516.06043275884,47232.62351348124,84095.0,83583.0,84671.0,129983.0,126143.0,131199.0,264585216.0,264519680.0,264601600.0,48.0,48.0,48.0,0.0,0.0,0.0,0.0,0.0,0.0,2341176.0,2325844.0,2361671.0,1.1518360313146028
goexec,rocksdb,sdk,read,4,16,100000,3,103915.01042759829,103459.23469133124,104049.24473262043,70463.0,69887.0,70463.0,755711.0,745983.0,759295.0,267272192.0,267075584.0,267370496.0,54.0,54.0,54.0,0.0,0.0,0.0,5005915.0,4976988.0,5020355.0,196107.0,175524.0,196679.0,1.0009925453187003
goexec,rocksdb,sdk,read,4,4,100000,3,97779.73024661995,96348.31953999326,98602.49671313626,38591.0,38175.0,38975.0,61439.0,60799.0,64959.0,265191424.0,265043968.0,265256960.0,54.0,54.0,54.0,0.0,0.0,0.0,4762047.0,4681049.0,4778240.0,136420.0,126982.0,151935.0,0.9869381145805739
goexec,rocksdb,sdk,update,1,1,100000,1,9938.460246159015,9938.460246159015,9938.460246159015,93695.0,93695.0,93695.0,205439.0,205439.0,205439.0,653213696.0,653213696.0,653213696.0,48.0,48.0,48.0,0.0,0.0,0.0,0.0,0.0,0.0,496946.0,496946.0,496946.0,0.8487308851412977
goexec,rocksdb,sdk,update,1,4,100000,2,30492.729587178976,30342.10643860581,30643.35273575214,128223.0,127039.0,129407.0,195455.0,195327.0,195583.0,1367728128.0,1361002496.0,1374453760.0,50.0,50.0,50.0,0.0,0.0,0.0,0.0,0.0,0.0,1524681.0,1517151.0,1532211.0,1.0443773515589485
goexec,rocksdb,sdk,update,16,16,100000,1,6304.179931111135,6304.179931111135,6304.179931111135,501503.0,501503.0,501503.0,7319551.0,7319551.0,7319551.0,378372096.0,378372096.0,378372096.0,90.0,90.0,90.0,0.0,0.0,0.0,314346.0,314346.0,314346.0,904.0,904.0,904.0,0.25036780173720286
goexec,rocksdb,sdk,update,4,16,100000,3,47924.41338857011,36284.64383974943,52186.56602766947,174335.0,173183.0,176383.0,485119.0,470271.0,502783.0,1922596864.0,1595228160.0,2008891392.0,56.0,56.0,56.0,0.0,0.0,0.0,2034007.0,1578888.0,2237285.0,362308.0,260502.0,372125.0,1.1085401103835606
goexec,rocksdb,sdk,update,4,4,100000,2,44520.73785694645,44271.929941227354,44769.545772665544,86655.0,86015.0,87295.0,145215.0,144895.0,145535.0,1813012480.0,1805647872.0,1820377088.0,56.0,56.0,56.0,0.0,0.0,0.0,2173386.0,2162594.0,2184178.0,52691.0,51041.0,54341.0,1.002147019458192
goexec-blocking,rocksdb,sdk,create,1,1,100000,1,16586.654386700437,16586.654386700437,16586.654386700437,58047.0,58047.0,58047.0,75711.0,75711.0,75711.0,579485696.0,579485696.0,579485696.0,50.0,50.0,50.0,0.0,0.0,0.0,995227.0,995227.0,995227.0,0.0,0.0,0.0,1.5905555986691982
goexec-blocking,rocksdb,sdk,create,1,4,100000,2,29872.627881495868,23534.642884183377,36210.61287880836,92511.0,92479.0,92543.0,148287.0,144511.0,152063.0,833847296.0,735330304.0,932364288.0,53.5,53.0,54.0,13.0,12.0,14.0,1800773.5,1428871.0,2172676.0,0.0,0.0,0.0,1.2746933163374214
goexec-blocking,rocksdb,sdk,create,16,16,100000,2,8075.14046249238,5758.2477446202265,10392.033180364533,437503.0,380159.0,494847.0,7856127.0,7208959.0,8503295.0,428662784.0,378273792.0,479051776.0,91.0,91.0,91.0,51.0,36.0,66.0,484756.0,345703.0,623809.0,0.0,0.0,0.0,0.25391138058728757
goexec-blocking,rocksdb,sdk,create,16,64,100000,2,32546.10219943735,31632.998659348046,33459.20573952666,611583.0,609279.0,613887.0,8990719.0,8601599.0,9379839.0,894902272.0,877101056.0,912703488.0,110.5,106.0,115.0,1260.0,692.0,1828.0,1953805.0,1898491.0,2009119.0,0.0,0.0,0.0,1.0405529968685543
goexec-blocking,rocksdb,sdk,create,4,16,100000,1,32304.940827656777,32304.940827656777,32304.940827656777,195455.0,195455.0,195455.0,676863.0,676863.0,676863.0,1027096576.0,1027096576.0,1027096576.0,66.0,66.0,66.0,55.0,55.0,55.0,1959631.0,1959631.0,1959631.0,0.0,0.0,0.0,0.9589385207272783
goexec-blocking,rocksdb,sdk,create,4,4,100000,3,34094.222841243674,33666.32323252334,35792.372130825075,91839.0,91071.0,91967.0,163199.0,160895.0,163583.0,872497152.0,849166336.0,907378688.0,57.0,57.0,57.0,0.0,0.0,1.0,2045695.0,2020021.0,2147587.0,0.0,0.0,0.0,1.0445533311342983
goexec-blocking,rocksdb,sdk,mixed,1,1,100000,1,41014.16069202839,41014.16069202839,41014.16069202839,16959.0,16959.0,16959.0,63167.0,63167.0,63167.0,393920512.0,393920512.0,393920512.0,48.0,48.0,48.0,0.0,0.0,0.0,2050735.0,2050735.0,2050735.0,0.0,0.0,0.0,2.3602621391069114
goexec-blocking,rocksdb,sdk,mixed,1,4,100000,1,60762.813144835425,60762.813144835425,60762.813144835425,47487.0,47487.0,47487.0,231167.0,231167.0,231167.0,842104832.0,842104832.0,842104832.0,50.0,50.0,50.0,7.0,7.0,7.0,3038174.0,3038174.0,3038174.0,0.0,0.0,0.0,1.479589633742485
goexec-blocking,rocksdb,sdk,mixed,16,16,100000,2,116904.76716780933,116298.35597709284,117511.17835852581,114591.0,113983.0,115199.0,363775.0,361727.0,365823.0,1061568512.0,1059028992.0,1064108032.0,90.0,90.0,90.0,0.5,0.0,1.0,5845437.5,5815125.0,5875750.0,0.0,0.0,0.0,0.7945704322026661
goexec-blocking,rocksdb,sdk,mixed,16,64,100000,1,199284.1106861806,199284.1106861806,199284.1106861806,222591.0,222591.0,222591.0,1275903.0,1275903.0,1275903.0,1749090304.0,1749090304.0,1749090304.0,98.0,98.0,98.0,53.0,53.0,53.0,9965110.0,9965110.0,9965110.0,0.0,0.0,0.0,1.2265251872020289
goexec-blocking,rocksdb,sdk,mixed,4,16,100000,2,95724.76351561054,95469.21691403401,95980.31011718707,87423.0,87359.0,87487.0,795647.0,793087.0,798207.0,986406912.0,985743360.0,987070464.0,61.5,59.0,64.0,18.5,11.0,26.0,4786389.5,4773620.0,4799159.0,0.0,0.0,0.0,1.0085241406071856
goexec-blocking,rocksdb,sdk,mixed,4,4,100000,1,82408.29670534148,82408.29670534148,82408.29670534148,40959.0,40959.0,40959.0,98559.0,98559.0,98559.0,924975104.0,924975104.0,924975104.0,54.0,54.0,54.0,0.0,0.0,0.0,4120464.0,4120464.0,4120464.0,0.0,0.0,0.0,1.0108033748875562
goexec-blocking,rocksdb,sdk,range,1,1,100000,5,10804.325855313817,10607.354255784772,10948.626553328493,90495.0,89919.0,92351.0,110399.0,104703.0,111807.0,264699904.0,264601600.0,264945664.0,48.0,48.0,48.0,0.0,0.0,0.0,864371.0,848617.0,875915.0,0.0,0.0,0.0,1.5781065690737115
goexec-blocking,rocksdb,sdk,range,1,4,100000,1,12335.96052492632,12335.96052492632,12335.96052492632,320767.0,320767.0,320767.0,367359.0,367359.0,367359.0,265388032.0,265388032.0,265388032.0,48.0,48.0,48.0,0.0,0.0,0.0,986905.0,986905.0,986905.0,0.0,0.0,0.0,0.9464983583439717
goexec-blocking,rocksdb,sdk,range,16,64,100000,2,75989.07669608094,74519.9662864894,77458.18710567249,458367.0,448255.0,468479.0,3976191.0,3905535.0,4046847.0,290512896.0,290340864.0,290684928.0,90.5,90.0,91.0,16.0,11.0,21.0,6080122.0,5962593.0,6197651.0,0.0,0.0,0.0,0.974683674735055
goexec-blocking,rocksdb,sdk,range,4,16,100000,1,29336.033212337385,29336.033212337385,29336.033212337385,291583.0,291583.0,291583.0,2551807.0,2551807.0,2551807.0,270336000.0,270336000.0,270336000.0,54.0,54.0,54.0,1.0,1.0,1.0,2347033.0,2347033.0,2347033.0,0.0,0.0,0.0,1.0355633512725324
goexec-blocking,rocksdb,sdk,range,4,4,100000,3,27962.95488959964,26946.775517707927,29318.109017767998,133247.0,127615.0,136447.0,231039.0,213887.0,244735.0,268140544.0,267845632.0,268173312.0,54.0,54.0,54.0,0.0,0.0,0.0,2237089.0,2155787.0,2345491.0,0.0,0.0,0.0,1.0731110652673868
goexec-blocking,rocksdb,sdk,read,1,1,100000,2,62699.463375184416,62526.90017027975,62872.026580089085,15855.0,15791.0,15919.0,23279.0,23135.0,23423.0,263897088.0,263782400.0,264011776.0,48.0,48.0,48.0,0.0,0.0,0.0,3135007.5,3126380.0,3143635.0,0.0,0.0,0.0,3.2753452194279875
goexec-blocking,rocksdb,sdk,read,1,4,100000,3,76503.5298246064,75450.68913847399,78963.42455404355,51647.0,50047.0,52383.0,66303.0,64319.0,67199.0,264159232.0,264142848.0,264257536.0,48.0,48.0,48.0,0.0,0.0,0.0,3825225.0,3772585.0,3948225.0,0.0,0.0,0.0,1.8819818308727585
goexec-blocking,rocksdb,sdk,read,4,16,100000,3,103665.50919532798,102521.5894611278,104492.46443525811,75647.0,75199.0,77951.0,650751.0,643583.0,657919.0,267255808.0,267173888.0,267337728.0,54.0,54.0,54.0,0.0,0.0,0.0,5183410.0,5126219.0,5224755.0,0.0,0.0,0.0,0.9985891497695614
goexec-blocking,rocksdb,sdk,read,4,4,100000,3,100706.31449074697,99946.61506267557,101260.53884938003,38111.0,37919.0,38175.0,54815.0,54559.0,55839.0,265338880.0,265289728.0,265502720.0,54.0,54.0,54.0,0.0,0.0,0.0,5035374.0,4997400.0,5063069.0,0.0,0.0,0.0,1.0164775449796446
goexec-blocking,rocksdb,sdk,update,1,1,100000,1,18190.629511310643,18190.629511310643,18190.629511310643,53855.0,53855.0,53855.0,94271.0,94271.0,94271.0,885391360.0,885391360.0,885391360.0,49.0,49.0,49.0,0.0,0.0,0.0,909554.0,909554.0,909554.0,0.0,0.0,0.0,1.553454831434164
goexec-blocking,rocksdb,sdk,update,1,4,100000,2,44064.075307554784,39621.4816731251,48506.66894198447,78015.0,76735.0,79295.0,135231.0,133119.0,137343.0,1759641600.0,1616805888.0,1902477312.0,51.5,51.0,52.0,22.5,18.0,27.0,2203275.0,1981175.0,2425375.0,0.0,0.0,0.0,1.5091965491979953
goexec-blocking,rocksdb,sdk,update,16,16,100000,1,6317.220556864267,6317.220556864267,6317.220556864267,495615.0,495615.0,495615.0,7294975.0,7294975.0,7294975.0,383041536.0,383041536.0,383041536.0,91.0,91.0,91.0,61.0,61.0,61.0,316094.0,316094.0,316094.0,0.0,0.0,0.0,0.2508857045951109
goexec-blocking,rocksdb,sdk,update,4,16,100000,3,56116.826933293,37792.621414582245,56170.80991314142,163199.0,160127.0,164607.0,519423.0,512255.0,523519.0,2104229888.0,1798471680.0,2154840064.0,63.0,62.0,65.0,68.0,31.0,70.0,2805940.0,2038442.0,2808665.0,0.0,0.0,0.0,1.2980389142925686
goexec-blocking,rocksdb,sdk,update,4,4,100000,2,37346.79780729874,29428.41695645998,45265.1786581375,85023.0,84351.0,85695.0,149119.0,141951.0,156287.0,1590231040.0,1353220096.0,1827241984.0,56.0,56.0,56.0,0.5,0.0,1.0,1920388.5,1577478.0,2263299.0,0.0,0.0,0.0,0.8406640121094162
tokio,memory,sdk,create,1,1,100000,2,56529.27871450057,56470.16447160527,56588.39295739588,15335.0,15335.0,15335.0,30031.0,29967.0,30095.0,3141165056.0,3137716224.0,3144613888.0,10.0,10.0,10.0,0.0,0.0,0.0,0.0,0.0,0.0,0.0,0.0,0.0,1.0
tokio,memory,sdk,create,1,4,100000,1,55568.48832641108,55568.48832641108,55568.48832641108,71167.0,71167.0,71167.0,131711.0,131711.0,131711.0,3101425664.0,3101425664.0,3101425664.0,10.0,10.0,10.0,0.0,0.0,0.0,0.0,0.0,0.0,0.0,0.0,0.0,1.0
tokio,memory,sdk,create,16,16,100000,2,199076.48372214875,195938.52698960912,202214.4404546884,73983.0,72703.0,75263.0,135295.0,133759.0,136831.0,10058842112.0,9912090624.0,10205593600.0,52.0,52.0,52.0,0.0,0.0,0.0,0.0,0.0,0.0,0.0,0.0,0.0,1.0
tokio,memory,sdk,create,16,64,100000,2,213907.5520887812,211502.2051878484,216312.89898971404,250751.0,247807.0,253695.0,926207.0,912895.0,939519.0,10844127232.0,10786570240.0,10901684224.0,52.0,52.0,52.0,0.0,0.0,0.0,0.0,0.0,0.0,0.0,0.0,0.0,1.0
tokio,memory,sdk,create,4,16,100000,3,88408.0444129326,87409.67100301184,90060.94231661319,114559.0,112831.0,118399.0,763391.0,751615.0,767999.0,4690739200.0,4643274752.0,4768104448.0,16.0,16.0,16.0,0.0,0.0,0.0,0.0,0.0,0.0,0.0,0.0,0.0,1.0
tokio,memory,sdk,create,4,4,100000,3,89679.43501955937,88074.14696481638,92455.56005946301,41183.0,40031.0,41855.0,61631.0,60319.0,62431.0,4734287872.0,4660428800.0,4823236608.0,16.0,16.0,16.0,0.0,0.0,0.0,0.0,0.0,0.0,0.0,0.0,0.0,1.0
tokio,memory,sdk,mixed,1,1,100000,1,85408.7274025817,85408.7274025817,85408.7274025817,10751.0,10751.0,10751.0,25551.0,25551.0,25551.0,1108606976.0,1108606976.0,1108606976.0,10.0,10.0,10.0,0.0,0.0,0.0,0.0,0.0,0.0,0.0,0.0,0.0,1.0
tokio,memory,sdk,mixed,1,4,100000,3,83593.17440791591,83569.72421991007,84079.90933863689,47423.0,47263.0,47487.0,95807.0,95679.0,95935.0,1096237056.0,1091584000.0,1097367552.0,10.0,10.0,10.0,0.0,0.0,0.0,0.0,0.0,0.0,0.0,0.0,0.0,1.0
tokio,memory,sdk,mixed,16,16,100000,2,263785.7576060752,263333.6242839388,264237.8909282116,56255.0,56191.0,56319.0,117215.0,116927.0,117503.0,2514771968.0,2509651968.0,2519891968.0,52.0,52.0,52.0,0.0,0.0,0.0,0.0,0.0,0.0,0.0,0.0,0.0,1.0
tokio,memory,sdk,mixed,16,64,100000,1,312745.5730452825,312745.5730452825,312745.5730452825,181375.0,181375.0,181375.0,581119.0,581119.0,581119.0,2906324992.0,2906324992.0,2906324992.0,52.0,52.0,52.0,0.0,0.0,0.0,0.0,0.0,0.0,0.0,0.0,0.0,1.0
tokio,memory,sdk,mixed,4,16,100000,3,116248.00049483223,114921.87193631685,117279.3155401576,95615.0,95423.0,95679.0,547327.0,535551.0,561663.0,1351352320.0,1342750720.0,1359757312.0,16.0,16.0,16.0,0.0,0.0,0.0,0.0,0.0,0.0,0.0,0.0,0.0,1.0
tokio,memory,sdk,range,1,1,100000,3,17444.358060274353,17430.821707721218,17575.29982079102,55263.0,55071.0,55359.0,74303.0,73663.0,74431.0,444219392.0,443957248.0,444383232.0,10.0,10.0,10.0,0.0,0.0,0.0,0.0,0.0,0.0,0.0,0.0,0.0,1.0
tokio,memory,sdk,range,1,4,100000,4,17341.007876276384,17288.91163478506,17392.048028428024,226239.0,225023.0,226559.0,267903.0,262143.0,275199.0,444350464.0,444203008.0,444465152.0,10.0,10.0,10.0,0.0,0.0,0.0,0.0,0.0,0.0,0.0,0.0,0.0,1.0
tokio,memory,sdk,range,16,16,100000,1,93487.64551367324,93487.64551367324,93487.64551367324,162047.0,162047.0,162047.0,280575.0,280575.0,280575.0,456916992.0,456916992.0,456916992.0,52.0,52.0,52.0,0.0,0.0,0.0,0.0,0.0,0.0,0.0,0.0,0.0,1.0
tokio,memory,sdk,range,16,64,100000,1,106975.50027092882,106975.50027092882,106975.50027092882,591871.0,591871.0,591871.0,1259519.0,1259519.0,1259519.0,463585280.0,463585280.0,463585280.0,52.0,52.0,52.0,0.0,0.0,0.0,0.0,0.0,0.0,0.0,0.0,0.0,1.0
tokio,memory,sdk,range,4,16,100000,2,35325.799310834685,35152.039580394,35499.559041275366,461567.0,459007.0,464127.0,916223.0,911871.0,920575.0,447782912.0,447643648.0,447922176.0,16.0,16.0,16.0,0.0,0.0,0.0,0.0,0.0,0.0,0.0,0.0,0.0,1.0
tokio,memory,sdk,range,4,4,100000,1,34245.11300709695,34245.11300709695,34245.11300709695,107967.0,107967.0,107967.0,196863.0,196863.0,196863.0,446709760.0,446709760.0,446709760.0,16.0,16.0,16.0,0.0,0.0,0.0,0.0,0.0,0.0,0.0,0.0,0.0,1.0
tokio,memory,sdk,read,1,4,100000,1,91522.63725681296,91522.63725681296,91522.63725681296,43391.0,43391.0,43391.0,88383.0,88383.0,88383.0,443285504.0,443285504.0,443285504.0,10.0,10.0,10.0,0.0,0.0,0.0,0.0,0.0,0.0,0.0,0.0,0.0,1.0
tokio,memory,sdk,read,16,16,100000,2,261411.3530180363,259261.10473253296,263561.60130353965,56575.0,55967.0,57183.0,120799.0,118015.0,123583.0,450748416.0,450740224.0,450756608.0,52.0,52.0,52.0,0.0,0.0,0.0,0.0,0.0,0.0,0.0,0.0,0.0,1.0
tokio,memory,sdk,read,4,16,100000,3,114797.26588489646,113954.82723430006,116160.53726384701,97855.0,96639.0,97919.0,545791.0,538111.0,552959.0,445087744.0,444792832.0,445956096.0,16.0,16.0,16.0,0.0,0.0,0.0,0.0,0.0,0.0,0.0,0.0,0.0,1.0
tokio,memory,sdk,read,4,4,100000,2,114367.91266998491,113939.69737946213,114796.1279605077,33103.0,33055.0,33151.0,52143.0,51903.0,52383.0,444284928.0,444170240.0,444399616.0,16.0,16.0,16.0,0.0,0.0,0.0,0.0,0.0,0.0,0.0,0.0,0.0,1.0
tokio,memory,sdk,update,1,4,100000,2,74133.64833926555,73131.92682852349,75135.36985000761,53519.0,52927.0,54111.0,106719.0,105535.0,107903.0,3333677056.0,3294052352.0,3373301760.0,10.0,10.0,10.0,0.0,0.0,0.0,0.0,0.0,0.0,0.0,0.0,0.0,1.0
tokio,memory,sdk,update,16,16,100000,1,237327.4398635739,237327.4398635739,237327.4398635739,63135.0,63135.0,63135.0,121727.0,121727.0,121727.0,9742123008.0,9742123008.0,9742123008.0,52.0,52.0,52.0,0.0,0.0,0.0,0.0,0.0,0.0,0.0,0.0,0.0,1.0
tokio,memory,sdk,update,16,64,100000,3,276919.6990455212,275163.486603786,278857.56705584785,202751.0,200063.0,203519.0,675327.0,673279.0,683007.0,11324211200.0,11255398400.0,11379130368.0,52.0,52.0,52.0,0.0,0.0,0.0,0.0,0.0,0.0,0.0,0.0,0.0,1.0
tokio,memory,sdk,update,4,16,100000,3,116032.48714842863,112604.33569086294,116940.83396343382,96063.0,95167.0,98751.0,548863.0,548351.0,564735.0,4974919680.0,4825874432.0,5002117120.0,16.0,16.0,16.0,0.0,0.0,0.0,0.0,0.0,0.0,0.0,0.0,0.0,1.0
tokio,memory,sdk,update,4,4,100000,2,113872.2347965817,112977.42387556045,114767.04571760294,33519.0,33183.0,33855.0,53807.0,53439.0,54175.0,4847771648.0,4802953216.0,4892590080.0,16.0,16.0,16.0,0.0,0.0,0.0,0.0,0.0,0.0,0.0,0.0,0.0,1.0
tokio,rocksdb,sdk,create,1,1,100000,1,10428.21414138451,10428.21414138451,10428.21414138451,90815.0,90815.0,90815.0,127679.0,127679.0,127679.0,463437824.0,463437824.0,463437824.0,46.0,46.0,46.0,0.0,0.0,0.0,0.0,0.0,0.0,625724.0,625724.0,625724.0,1.0
tokio,rocksdb,sdk,create,1,4,100000,2,23435.149065760335,23226.730927980232,23643.567203540442,164799.0,164223.0,165375.0,239167.0,237439.0,240895.0,704233472.0,703512576.0,704954368.0,48.0,48.0,48.0,0.0,0.0,0.0,0.0,0.0,0.0,1406141.0,1393640.0,1418642.0,1.0
tokio,rocksdb,sdk,create,16,16,100000,2,31802.987498295195,30343.700091976603,33262.27490461379,197055.0,193407.0,200703.0,7350271.0,6774783.0,7925759.0,844087296.0,841646080.0,846528512.0,90.0,90.0,90.0,0.0,0.0,0.0,1908575.0,1821469.0,1995681.0,383.0,298.0,468.0,1.0
tokio,rocksdb,sdk,create,16,64,100000,2,31277.697817777436,30724.246568243994,31831.14906731088,578047.0,557567.0,598527.0,8828927.0,8351743.0,9306111.0,886292480.0,878444544.0,894140416.0,90.0,90.0,90.0,0.0,0.0,0.0,1868184.0,1835660.0,1900708.0,8977.0,8483.0,9471.0,1.0
tokio,rocksdb,sdk,create,4,16,100000,1,33688.229359225305,33688.229359225305,33688.229359225305,218623.0,218623.0,218623.0,574975.0,574975.0,574975.0,880951296.0,880951296.0,880951296.0,54.0,54.0,54.0,0.0,0.0,0.0,1846020.0,1846020.0,1846020.0,238964.0,238964.0,238964.0,1.0
tokio,rocksdb,sdk,create,4,4,100000,3,32640.002022893532,30407.607954171985,32858.529465869346,85247.0,83519.0,86719.0,165247.0,152575.0,200575.0,790069248.0,782139392.0,900694016.0,54.0,54.0,54.0,0.0,0.0,0.0,1924303.0,1801218.0,1938335.0,33212.0,30841.0,34140.0,1.0
tokio,rocksdb,sdk,mixed,1,1,100000,1,17376.951488764527,17376.951488764527,17376.951488764527,51167.0,51167.0,51167.0,100863.0,100863.0,100863.0,325271552.0,325271552.0,325271552.0,45.0,45.0,45.0,0.0,0.0,0.0,0.0,0.0,0.0,868876.0,868876.0,868876.0,1.0
tokio,rocksdb,sdk,mixed,1,4,100000,1,41067.341754173765,41067.341754173765,41067.341754173765,91711.0,91711.0,91711.0,169087.0,169087.0,169087.0,394838016.0,394838016.0,394838016.0,45.0,45.0,45.0,0.0,0.0,0.0,0.0,0.0,0.0,2053416.0,2053416.0,2053416.0,1.0
tokio,rocksdb,sdk,mixed,16,16,100000,2,147129.5210969934,143801.04224566356,150457.99994832327,92831.0,92735.0,92927.0,235519.0,235007.0,236031.0,1454006272.0,1443594240.0,1464418304.0,88.0,88.0,88.0,0.0,0.0,0.0,7356549.5,7190092.0,7523007.0,113.0,73.0,153.0,1.0
tokio,rocksdb,sdk,mixed,16,64,100000,1,162478.61255975594,162478.61255975594,162478.61255975594,291839.0,291839.0,291839.0,1186815.0,1186815.0,1186815.0,1638711296.0,1638711296.0,1638711296.0,89.0,89.0,89.0,0.0,0.0,0.0,8134594.0,8134594.0,8134594.0,655.0,655.0,655.0,1.0
tokio,rocksdb,sdk,mixed,4,16,100000,2,94915.68883812646,94495.68013583095,95335.69754042198,138239.0,137087.0,139391.0,584703.0,584191.0,585215.0,983392256.0,980779008.0,986005504.0,51.0,51.0,51.0,0.0,0.0,0.0,4338847.0,4301894.0,4375800.0,407078.0,391130.0,423026.0,1.0
tokio,rocksdb,sdk,mixed,4,4,100000,1,81527.52429670977,81527.52429670977,81527.52429670977,40511.0,40511.0,40511.0,100863.0,100863.0,100863.0,921583616.0,921583616.0,921583616.0,51.0,51.0,51.0,0.0,0.0,0.0,3870069.0,3870069.0,3870069.0,206348.0,206348.0,206348.0,1.0
tokio,rocksdb,sdk,range,1,1,100000,5,6846.385451430916,6779.320286040349,7109.880655436712,143231.0,138495.0,144383.0,178047.0,168319.0,180735.0,265191424.0,265060352.0,265355264.0,45.0,45.0,45.0,0.0,0.0,0.0,0.0,0.0,0.0,547738.0,542375.0,568818.0,1.0
tokio,rocksdb,sdk,range,1,4,100000,1,13033.261406295274,13033.261406295274,13033.261406295274,305407.0,305407.0,305407.0,417535.0,417535.0,417535.0,266371072.0,266371072.0,266371072.0,45.0,45.0,45.0,0.0,0.0,0.0,0.0,0.0,0.0,1042711.0,1042711.0,1042711.0,1.0
tokio,rocksdb,sdk,range,16,64,100000,2,77962.8085150157,76016.86456335617,79908.75246667523,814591.0,795135.0,834047.0,1741823.0,1691647.0,1791999.0,288800768.0,288751616.0,288849920.0,87.0,87.0,87.0,0.0,0.0,0.0,6237863.0,6082231.0,6393495.0,18.0,10.0,26.0,1.0
tokio,rocksdb,sdk,range,4,16,100000,1,28328.574177802217,28328.574177802217,28328.574177802217,556543.0,556543.0,556543.0,1238015.0,1238015.0,1238015.0,269910016.0,269910016.0,269910016.0,51.0,51.0,51.0,0.0,0.0,0.0,1878003.0,1878003.0,1878003.0,388438.0,388438.0,388438.0,1.0
tokio,rocksdb,sdk,range,4,4,100000,3,26057.838554327198,25885.739524746034,26261.100282418713,146687.0,145151.0,147839.0,234751.0,230015.0,245759.0,267501568.0,267026432.0,267845632.0,51.0,51.0,51.0,0.0,0.0,0.0,1808732.0,1787787.0,1827765.0,283112.0,256910.0,292213.0,1.0
tokio,rocksdb,sdk,read,1,1,100000,2,19142.856454726432,18822.8425903301,19462.87031912276,51311.0,50143.0,52479.0,71519.0,71487.0,71551.0,264249344.0,264224768.0,264273920.0,45.0,45.0,45.0,0.0,0.0,0.0,0.0,0.0,0.0,957171.0,941171.0,973171.0,1.0
tokio,rocksdb,sdk,read,1,4,100000,3,40650.514563750236,40330.985094990836,40987.07219743394,97151.0,96127.0,97919.0,144383.0,144255.0,145023.0,264929280.0,264847360.0,265011200.0,45.0,45.0,45.0,0.0,0.0,0.0,0.0,0.0,0.0,2032576.0,2016596.0,2049401.0,1.0
tokio,rocksdb,sdk,read,4,16,100000,3,103811.97234042676,102841.45536604864,104870.04616442886,110463.0,109823.0,111679.0,574463.0,565759.0,578047.0,267534336.0,267124736.0,267583488.0,51.0,51.0,51.0,0.0,0.0,0.0,4992600.0,4949909.0,5043974.0,198154.0,192305.0,199660.0,1.0
tokio,rocksdb,sdk,read,4,4,100000,3,99073.82114650025,97761.25253698579,99883.07008328976,37759.0,37439.0,37887.0,61599.0,61055.0,67583.0,265371648.0,265371648.0,265453568.0,51.0,51.0,51.0,0.0,0.0,0.0,4813926.0,4750257.0,4860124.0,137855.0,134073.0,139814.0,1.0
tokio,rocksdb,sdk,update,1,1,100000,1,11709.78978160368,11709.78978160368,11709.78978160368,81535.0,81535.0,81535.0,139391.0,139391.0,139391.0,704921600.0,704921600.0,704921600.0,45.0,45.0,45.0,0.0,0.0,0.0,0.0,0.0,0.0,585515.0,585515.0,585515.0,1.0
tokio,rocksdb,sdk,update,1,4,100000,2,29197.04218179597,29025.06740749285,29369.016956099087,134719.0,133631.0,135807.0,197055.0,196863.0,197247.0,1333837824.0,1328627712.0,1339047936.0,47.0,47.0,47.0,0.0,0.0,0.0,0.0,0.0,0.0,1459896.0,1451301.0,1468491.0,1.0
tokio,rocksdb,sdk,update,16,16,100000,1,25179.675211304857,25179.675211304857,25179.675211304857,190591.0,190591.0,190591.0,6918143.0,6918143.0,6918143.0,1200832512.0,1200832512.0,1200832512.0,89.0,89.0,89.0,0.0,0.0,0.0,1258706.0,1258706.0,1258706.0,423.0,423.0,423.0,1.0
tokio,rocksdb,sdk,update,4,16,100000,3,43232.006618134925,42850.46334470319,58829.09637364256,181503.0,178943.0,182143.0,448511.0,430079.0,458239.0,1883766784.0,1616642048.0,2524053504.0,53.0,53.0,54.0,0.0,0.0,0.0,1975845.0,1838284.0,2639791.0,316388.0,304306.0,446183.0,1.0
tokio,rocksdb,sdk,update,4,4,100000,2,44425.355753706135,40369.0781431334,48481.63336427887,80383.0,79615.0,81151.0,165119.0,131583.0,198655.0,1823268864.0,1736130560.0,1910407168.0,53.0,53.0,53.0,0.0,0.0,0.0,2183794.5,1985058.0,2382531.0,37520.5,33442.0,41599.0,1.0
