label,parallelism,lanes,repeat,engine,workload,phase,operations,elapsed_us,ops_per_sec,p50_ns,p99_ns,peak_workers,handoffs
goexec,1,4,1,Goexec,Yield,steady,1000000,56841,17592702.55,,,2,0
baseline,1,4,1,Goexec,Yield,steady,1000000,43347,23069381.16,,,2,0
go,1,4,1,Go,Yield,steady,1000000,66767,14977421.46,,,,
baseline,1,4,1,Goexec,Empty,steady,1000000,45884,21793673.84,,,2,0
go,1,4,1,Go,Empty,steady,1000000,46273,21610854.98,,,,
goexec,1,4,1,Goexec,Empty,steady,1000000,47928,20864430.90,,,2,0
goexec,1,4,1,Goexec,CachedRead,steady,100000,994162,100587.18,,,2,0
go,1,4,1,Go,CachedRead,steady,100000,1082899,92344.66,,,,
baseline,1,4,1,Goexec,CachedRead,steady,100000,1003364,99664.64,,,2,0
goexec,1,4,1,Goexec,Cpu,steady,100000,1062519,94115.92,,,2,0
baseline,1,4,1,Goexec,Cpu,steady,100000,1061317,94222.49,,,2,0
go,1,4,1,Go,Cpu,steady,100000,1024360,97621.93,,,,
goexec,1,4,1,Goexec,SyscallWait,steady,4096,1425872,2872.63,,,3,4091
baseline,1,4,1,Goexec,SyscallWait,steady,4096,1424688,2875.01,,,3,4084
go,1,4,1,Go,SyscallWait,steady,4096,894860,4577.25,,,,
go,1,4,1,Go,Mixed,steady,8192,481729,17005.40,,,,
goexec,1,4,1,Goexec,Mixed,steady,8192,658147,12447.05,,,4,2006
baseline,1,4,1,Goexec,Mixed,steady,8192,719213,11390.22,,,3,2040
go,4,16,1,Go,Yield,steady,1000000,117605,8503009.76,,,,
goexec,4,16,1,Goexec,Yield,steady,1000000,13312,75119960.94,,,5,0
baseline,4,16,1,Goexec,Yield,steady,1000000,14676,68137876.99,,,5,0
baseline,4,16,1,Goexec,Empty,steady,1000000,15243,65601555.44,,,5,0
goexec,4,16,1,Goexec,Empty,steady,1000000,17913,55823302.72,,,5,0
go,4,16,1,Go,Empty,steady,1000000,112021,8926897.64,,,,
baseline,4,16,1,Goexec,CachedRead,steady,100000,588923,169801.44,,,5,0
go,4,16,1,Go,CachedRead,steady,100000,532566,187770.08,,,,
goexec,4,16,1,Goexec,CachedRead,steady,100000,531201,188252.47,,,5,0
go,4,16,1,Go,Cpu,steady,100000,283057,353285.01,,,,
goexec,4,16,1,Goexec,Cpu,steady,100000,279453,357841.55,,,5,0
baseline,4,16,1,Goexec,Cpu,steady,100000,284070,352025.08,,,5,0
baseline,4,16,1,Goexec,SyscallWait,steady,4096,512820,7987.21,,,8,2692
goexec,4,16,1,Goexec,SyscallWait,steady,4096,503766,8130.75,,,9,2728
go,4,16,1,Go,SyscallWait,steady,4096,180234,22725.93,,,,
go,4,16,1,Go,Mixed,steady,8192,422853,19373.15,,,,
goexec,4,16,1,Goexec,Mixed,steady,8192,242498,33781.63,,,9,1467
baseline,4,16,1,Goexec,Mixed,steady,8192,248461,32970.94,,,9,1428
goexec,16,64,1,Goexec,Yield,steady,1000000,15082,66300172.57,,,17,0
go,16,64,1,Go,Yield,steady,1000000,252161,3965714.42,,,,
baseline,16,64,1,Goexec,Yield,steady,1000000,43439,23020324.07,,,17,0
baseline,16,64,1,Goexec,Empty,steady,1000000,39087,25583572.15,,,17,0
goexec,16,64,1,Goexec,Empty,steady,1000000,19641,50911851.63,,,17,0
go,16,64,1,Go,Empty,steady,1000000,246750,4052681.49,,,,
goexec,16,64,1,Goexec,CachedRead,steady,100032,983125,101749.00,,,18,1127
baseline,16,64,1,Goexec,CachedRead,steady,100032,990197,101022.24,,,20,1181
go,16,64,1,Go,CachedRead,steady,100032,1039805,96202.60,,,,
baseline,16,64,1,Goexec,Cpu,steady,100032,86905,1151048.34,,,17,0
goexec,16,64,1,Goexec,Cpu,steady,100032,89391,1119038.30,,,17,0
go,16,64,1,Go,Cpu,steady,100032,93170,1073640.72,,,,
goexec,16,64,1,Goexec,SyscallWait,steady,4096,167858,24401.55,,,21,981
go,16,64,1,Go,SyscallWait,steady,4096,56719,72215.66,,,,
baseline,16,64,1,Goexec,SyscallWait,steady,4096,173465,23612.75,,,21,938
goexec,16,64,1,Goexec,Mixed,steady,8192,92394,88663.17,,,21,487
baseline,16,64,1,Goexec,Mixed,steady,8192,89570,91459.02,,,21,501
go,16,64,1,Go,Mixed,steady,8192,81674,100300.53,,,,
go,1,4,2,Go,Yield,steady,1000000,45422,22015520.94,,,,
baseline,1,4,2,Goexec,Yield,steady,1000000,41194,24274815.38,,,2,0
goexec,1,4,2,Goexec,Yield,steady,1000000,38903,25704490.03,,,2,0
baseline,1,4,2,Goexec,Empty,steady,1000000,47979,20842252.95,,,2,0
go,1,4,2,Go,Empty,steady,1000000,44387,22528907.24,,,,
goexec,1,4,2,Goexec,Empty,steady,1000000,47635,20992839.11,,,2,0
go,1,4,2,Go,CachedRead,steady,100000,1086786,92014.39,,,,
goexec,1,4,2,Goexec,CachedRead,steady,100000,989469,101064.25,,,2,0
baseline,1,4,2,Goexec,CachedRead,steady,100000,992954,100709.60,,,2,0
goexec,1,4,2,Goexec,Cpu,steady,100000,1060696,94277.63,,,2,0
go,1,4,2,Go,Cpu,steady,100000,1072679,93224.47,,,,
baseline,1,4,2,Goexec,Cpu,steady,100000,1057304,94580.10,,,2,0
baseline,1,4,2,Goexec,SyscallWait,steady,4096,1424260,2875.88,,,3,4093
goexec,1,4,2,Goexec,SyscallWait,steady,4096,1425107,2874.17,,,3,4089
go,1,4,2,Go,SyscallWait,steady,4096,909320,4504.46,,,,
goexec,1,4,2,Goexec,Mixed,steady,8192,657541,12458.53,,,4,2017
go,1,4,2,Go,Mixed,steady,8192,442762,18502.01,,,,
baseline,1,4,2,Goexec,Mixed,steady,8192,638081,12838.48,,,4,2047
go,4,16,2,Go,Yield,steady,1000000,117423,8516164.75,,,,
goexec,4,16,2,Goexec,Yield,steady,1000000,15292,65390462.80,,,5,0
baseline,4,16,2,Goexec,Yield,steady,1000000,15999,62500976.58,,,5,0
go,4,16,2,Go,Empty,steady,1000000,115909,8627442.19,,,,
baseline,4,16,2,Goexec,Empty,steady,1000000,15708,63661321.77,,,5,0
goexec,4,16,2,Goexec,Empty,steady,1000000,25942,38547218.55,,,5,0
go,4,16,2,Go,CachedRead,steady,100000,532749,187705.66,,,,
baseline,4,16,2,Goexec,CachedRead,steady,100000,498206,200720.07,,,5,0
goexec,4,16,2,Goexec,CachedRead,steady,100000,467404,213947.60,,,5,0
goexec,4,16,2,Goexec,Cpu,steady,100000,284143,351934.85,,,5,0
go,4,16,2,Go,Cpu,steady,100000,284957,350929.01,,,,
baseline,4,16,2,Goexec,Cpu,steady,100000,281634,355069.56,,,5,0
go,4,16,2,Go,SyscallWait,steady,4096,902618,4537.91,,,,
baseline,4,16,2,Goexec,SyscallWait,steady,4096,488612,8382.93,,,9,2839
goexec,4,16,2,Goexec,SyscallWait,steady,4096,501151,8173.18,,,9,2716
goexec,4,16,2,Goexec,Mixed,steady,8192,246282,33262.67,,,8,1409
baseline,4,16,2,Goexec,Mixed,steady,8192,252910,32390.88,,,9,1419
go,4,16,2,Go,Mixed,steady,8192,404619,20246.16,,,,
baseline,16,64,2,Goexec,Yield,steady,1000000,49236,20310204.25,,,17,0
go,16,64,2,Go,Yield,steady,1000000,247710,4036975.34,,,,
goexec,16,64,2,Goexec,Yield,steady,1000000,16447,60799513.60,,,17,0
goexec,16,64,2,Goexec,Empty,steady,1000000,16068,62232272.87,,,17,0
go,16,64,2,Go,Empty,steady,1000000,248276,4027764.04,,,,
baseline,16,64,2,Goexec,Empty,steady,1000000,44456,22494067.02,,,17,0
go,16,64,2,Go,CachedRead,steady,100032,1034521,96694.01,,,,
goexec,16,64,2,Goexec,CachedRead,steady,100032,992956,100741.56,,,19,1384
baseline,16,64,2,Goexec,CachedRead,steady,100032,992704,100767.12,,,20,1369
goexec,16,64,2,Goexec,Cpu,steady,100032,84310,1186472.60,,,17,0
go,16,64,2,Go,Cpu,steady,100032,90524,1105031.39,,,,
baseline,16,64,2,Goexec,Cpu,steady,100032,85464,1170450.31,,,17,0
go,16,64,2,Go,SyscallWait,steady,4096,229814,17823.09,,,,
goexec,16,64,2,Goexec,SyscallWait,steady,4096,170287,24053.48,,,21,906
baseline,16,64,2,Goexec,SyscallWait,steady,4096,180698,22667.59,,,21,922
goexec,16,64,2,Goexec,Mixed,steady,8192,94140,87019.14,,,21,483
go,16,64,2,Go,Mixed,steady,8192,85997,95258.08,,,,
baseline,16,64,2,Goexec,Mixed,steady,8192,92456,88603.67,,,21,485
baseline,1,4,3,Goexec,Yield,steady,1000000,42736,23399042.21,,,2,0
goexec,1,4,3,Goexec,Yield,steady,1000000,41856,23891318.58,,,2,0
go,1,4,3,Go,Yield,steady,1000000,45009,22217367.48,,,,
goexec,1,4,3,Goexec,Empty,steady,1000000,47222,21176364.86,,,2,0
go,1,4,3,Go,Empty,steady,1000000,45152,22147331.27,,,,
baseline,1,4,3,Goexec,Empty,steady,1000000,46935,21305872.28,,,2,0
baseline,1,4,3,Goexec,CachedRead,steady,100000,1044919,95701.17,,,2,0
goexec,1,4,3,Goexec,CachedRead,steady,100000,994372,100565.93,,,2,0
go,1,4,3,Go,CachedRead,steady,100000,1099853,90921.23,,,,
baseline,1,4,3,Goexec,Cpu,steady,100000,1068580,93582.13,,,2,0
goexec,1,4,3,Goexec,Cpu,steady,100000,1064088,93977.18,,,2,0
go,1,4,3,Go,Cpu,steady,100000,1085397,92132.14,,,,
go,1,4,3,Go,SyscallWait,steady,4096,881826,4644.91,,,,
baseline,1,4,3,Goexec,SyscallWait,steady,4096,1425742,2872.89,,,3,4088
goexec,1,4,3,Goexec,SyscallWait,steady,4096,1426044,2872.28,,,3,4089
baseline,1,4,3,Goexec,Mixed,steady,8192,690147,11869.92,,,4,2036
go,1,4,3,Go,Mixed,steady,8192,464317,17643.09,,,,
goexec,1,4,3,Goexec,Mixed,steady,8192,639648,12807.04,,,4,2042
baseline,4,16,3,Goexec,Yield,steady,1000000,15577,64195326.35,,,5,0
goexec,4,16,3,Goexec,Yield,steady,1000000,14357,69650411.35,,,5,0
go,4,16,3,Go,Yield,steady,1000000,108115,9249346.19,,,,
go,4,16,3,Go,Empty,steady,1000000,118437,8443239.12,,,,
baseline,4,16,3,Goexec,Empty,steady,1000000,15811,63245938.41,,,5,0
goexec,4,16,3,Goexec,Empty,steady,1000000,17895,55881271.97,,,5,0
go,4,16,3,Go,CachedRead,steady,100000,578764,172782.00,,,,
baseline,4,16,3,Goexec,CachedRead,steady,100000,574430,174085.34,,,5,0
goexec,4,16,3,Goexec,CachedRead,steady,100000,621690,160851.82,,,5,2
baseline,4,16,3,Goexec,Cpu,steady,100000,279010,358409.02,,,5,0
go,4,16,3,Go,Cpu,steady,100000,283375,352888.76,,,,
goexec,4,16,3,Goexec,Cpu,steady,100000,282578,353883.39,,,5,0
goexec,4,16,3,Goexec,SyscallWait,steady,4096,483487,8471.77,,,8,2819
go,4,16,3,Go,SyscallWait,steady,4096,180849,22648.62,,,,
baseline,4,16,3,Goexec,SyscallWait,steady,4096,477786,8572.87,,,9,2856
go,4,16,3,Go,Mixed,steady,8192,416837,19652.77,,,,
goexec,4,16,3,Goexec,Mixed,steady,8192,256426,31946.80,,,9,1391
baseline,4,16,3,Goexec,Mixed,steady,8192,241270,33953.53,,,9,1452
baseline,16,64,3,Goexec,Yield,steady,1000000,48357,20679386.93,,,17,0
go,16,64,3,Go,Yield,steady,1000000,250232,3996276.14,,,,
goexec,16,64,3,Goexec,Yield,steady,1000000,15743,63518442.80,,,17,0
goexec,16,64,3,Goexec,Empty,steady,1000000,13200,75752072.25,,,17,0
go,16,64,3,Go,Empty,steady,1000000,251512,3975950.81,,,,
baseline,16,64,3,Goexec,Empty,steady,1000000,43735,22864524.83,,,17,0
goexec,16,64,3,Goexec,CachedRead,steady,100032,987653,101282.45,,,19,1095
baseline,16,64,3,Goexec,CachedRead,steady,100032,989893,101053.28,,,20,1206
go,16,64,3,Go,CachedRead,steady,100032,1050099,95259.52,,,,
goexec,16,64,3,Goexec,Cpu,steady,100032,86697,1153801.02,,,17,0
go,16,64,3,Go,Cpu,steady,100032,93409,1070894.63,,,,
baseline,16,64,3,Goexec,Cpu,steady,100032,89068,1123086.46,,,17,0
baseline,16,64,3,Goexec,SyscallWait,steady,4096,178694,22921.85,,,21,933
go,16,64,3,Go,SyscallWait,steady,4096,234041,17501.19,,,,
goexec,16,64,3,Goexec,SyscallWait,steady,4096,180334,22713.33,,,21,914
go,16,64,3,Go,Mixed,steady,8192,81583,100412.20,,,,
goexec,16,64,3,Goexec,Mixed,steady,8192,88289,92785.71,,,21,515
baseline,16,64,3,Goexec,Mixed,steady,8192,94980,86249.09,,,25,479
goexec,1,4,4,Goexec,Yield,steady,1000000,40779,24522049.92,,,2,0
baseline,1,4,4,Goexec,Yield,steady,1000000,41803,23921728.11,,,2,0
go,1,4,4,Go,Yield,steady,1000000,45548,21954499.30,,,,
go,1,4,4,Go,Empty,steady,1000000,45566,21945987.11,,,,
baseline,1,4,4,Goexec,Empty,steady,1000000,47946,20856380.07,,,2,0
goexec,1,4,4,Goexec,Empty,steady,1000000,48603,20574632.62,,,2,0
baseline,1,4,4,Goexec,CachedRead,steady,100000,1010442,98966.53,,,2,0
go,1,4,4,Go,CachedRead,steady,100000,1149584,86987.93,,,,
goexec,1,4,4,Goexec,CachedRead,steady,100000,1018819,98152.85,,,2,0
go,1,4,4,Go,Cpu,steady,100000,1072189,93267.08,,,,
baseline,1,4,4,Goexec,Cpu,steady,100000,1094310,91381.73,,,2,0
goexec,1,4,4,Goexec,Cpu,steady,100000,1070224,93438.34,,,2,0
baseline,1,4,4,Goexec,SyscallWait,steady,4096,1460174,2805.14,,,4,3803
goexec,1,4,4,Goexec,SyscallWait,steady,4096,1331654,3075.87,,,4,3973
go,1,4,4,Go,SyscallWait,steady,4096,881941,4644.30,,,,
goexec,1,4,4,Goexec,Mixed,steady,8192,653018,12544.82,,,4,2027
baseline,1,4,4,Goexec,Mixed,steady,8192,717807,11412.53,,,4,2038
go,1,4,4,Go,Mixed,steady,8192,471060,17390.54,,,,
go,4,16,4,Go,Yield,steady,1000000,120390,8306308.96,,,,
baseline,4,16,4,Goexec,Yield,steady,1000000,15714,63635665.96,,,5,0
goexec,4,16,4,Goexec,Yield,steady,1000000,15183,65862594.16,,,5,0
go,4,16,4,Go,Empty,steady,1000000,115074,8689987.96,,,,
baseline,4,16,4,Goexec,Empty,steady,1000000,15249,65574845.49,,,5,0
goexec,4,16,4,Goexec,Empty,steady,1000000,17614,56772351.05,,,5,0
go,4,16,4,Go,CachedRead,steady,100000,543514,183987.80,,,,
baseline,4,16,4,Goexec,CachedRead,steady,100000,485150,206121.46,,,5,0
goexec,4,16,4,Goexec,CachedRead,steady,100000,559748,178651.64,,,5,0
go,4,16,4,Go,Cpu,steady,100000,282385,354125.94,,,,
baseline,4,16,4,Goexec,Cpu,steady,100000,275693,362722.09,,,5,0
goexec,4,16,4,Goexec,Cpu,steady,100000,278702,358806.02,,,5,0
go,4,16,4,Go,SyscallWait,steady,4096,951798,4303.43,,,,
goexec,4,16,4,Goexec,SyscallWait,steady,4096,496475,8250.15,,,8,2715
baseline,4,16,4,Goexec,SyscallWait,steady,4096,498345,8219.20,,,8,2724
go,4,16,4,Go,Mixed,steady,8192,421001,19458.38,,,,
goexec,4,16,4,Goexec,Mixed,steady,8192,250724,32673.35,,,9,1409
baseline,4,16,4,Goexec,Mixed,steady,8192,248401,32978.81,,,8,1396
baseline,16,64,4,Goexec,Yield,steady,1000000,43458,23010480.49,,,17,0
goexec,16,64,4,Goexec,Yield,steady,1000000,16157,61889165.54,,,17,0
go,16,64,4,Go,Yield,steady,1000000,253100,3951000.36,,,,
baseline,16,64,4,Goexec,Empty,steady,1000000,43859,22800272.46,,,17,0
goexec,16,64,4,Goexec,Empty,steady,1000000,16183,61790693.05,,,17,0
go,16,64,4,Go,Empty,steady,1000000,248327,4026946.99,,,,
go,16,64,4,Go,CachedRead,steady,100032,1043967,95819.08,,,,
baseline,16,64,4,Goexec,CachedRead,steady,100032,989339,101109.89,,,18,1177
goexec,16,64,4,Goexec,CachedRead,steady,100032,991327,100907.13,,,19,1217
go,16,64,4,Go,Cpu,steady,100032,90482,1105544.33,,,,
baseline,16,64,4,Goexec,Cpu,steady,100032,88903,1125171.89,,,17,0
goexec,16,64,4,Goexec,Cpu,steady,100032,86071,1162201.61,,,17,0
go,16,64,4,Go,SyscallWait,steady,4096,227767,17983.26,,,,
goexec,16,64,4,Goexec,SyscallWait,steady,4096,170129,24075.74,,,21,953
baseline,16,64,4,Goexec,SyscallWait,steady,4096,178621,22931.18,,,21,927
baseline,16,64,4,Goexec,Mixed,steady,8192,91670,89363.41,,,21,479
goexec,16,64,4,Goexec,Mixed,steady,8192,89439,91592.90,,,24,504
go,16,64,4,Go,Mixed,steady,8192,83691,97883.88,,,,
go,1,4,5,Go,Yield,steady,1000000,44934,22254573.94,,,,
goexec,1,4,5,Goexec,Yield,steady,1000000,41382,24164973.89,,,2,0
baseline,1,4,5,Goexec,Yield,steady,1000000,40684,24579184.09,,,2,0
go,1,4,5,Go,Empty,steady,1000000,44265,22590872.12,,,,
goexec,1,4,5,Goexec,Empty,steady,1000000,47939,20859498.10,,,2,0
baseline,1,4,5,Goexec,Empty,steady,1000000,47401,21096564.40,,,2,0
goexec,1,4,5,Goexec,CachedRead,steady,100000,996071,100394.37,,,2,0
go,1,4,5,Go,CachedRead,steady,100000,1088085,91904.51,,,,
baseline,1,4,5,Goexec,CachedRead,steady,100000,987536,101262.11,,,2,0
go,1,4,5,Go,Cpu,steady,100000,1081598,92455.74,,,,
goexec,1,4,5,Goexec,Cpu,steady,100000,1077042,92846.88,,,2,0
baseline,1,4,5,Goexec,Cpu,steady,100000,1072814,93212.80,,,2,0
baseline,1,4,5,Goexec,SyscallWait,steady,4096,1424857,2874.67,,,4,4086
goexec,1,4,5,Goexec,SyscallWait,steady,4096,1425720,2872.93,,,3,4092
go,1,4,5,Go,SyscallWait,steady,4096,915373,4474.68,,,,
go,1,4,5,Go,Mixed,steady,8192,485419,16876.14,,,,
baseline,1,4,5,Goexec,Mixed,steady,8192,644231,12715.92,,,4,2044
goexec,1,4,5,Goexec,Mixed,steady,8192,728605,11243.40,,,3,2035
goexec,4,16,5,Goexec,Yield,steady,1000000,19069,52440103.57,,,5,0
go,4,16,5,Go,Yield,steady,1000000,115423,8663734.45,,,,
baseline,4,16,5,Goexec,Yield,steady,1000000,15189,65835311.52,,,5,0
goexec,4,16,5,Goexec,Empty,steady,1000000,19923,50191984.34,,,5,0
baseline,4,16,5,Goexec,Empty,steady,1000000,16559,60390120.18,,,5,0
go,4,16,5,Go,Empty,steady,1000000,115606,8650023.30,,,,
go,4,16,5,Go,CachedRead,steady,100000,646535,154670.64,,,,
baseline,4,16,5,Goexec,CachedRead,steady,100000,480289,208207.76,,,5,0
goexec,4,16,5,Goexec,CachedRead,steady,100000,559352,178778.22,,,5,1
goexec,4,16,5,Goexec,Cpu,steady,100000,285016,350857.14,,,5,0
go,4,16,5,Go,Cpu,steady,100000,282007,354600.50,,,,
baseline,4,16,5,Goexec,Cpu,steady,100000,279220,358140.32,,,5,0
go,4,16,5,Go,SyscallWait,steady,4096,935582,4378.02,,,,
baseline,4,16,5,Goexec,SyscallWait,steady,4096,517494,7915.05,,,9,2627
goexec,4,16,5,Goexec,SyscallWait,steady,4096,503742,8131.14,,,8,2792
goexec,4,16,5,Goexec,Mixed,steady,8192,242482,33783.95,,,9,1464
go,4,16,5,Go,Mixed,steady,8192,407795,20088.51,,,,
baseline,4,16,5,Goexec,Mixed,steady,8192,256038,31995.15,,,9,1402
baseline,16,64,5,Goexec,Yield,steady,1000000,44109,22670896.39,,,17,0
go,16,64,5,Go,Yield,steady,1000000,246669,4053999.96,,,,
goexec,16,64,5,Goexec,Yield,steady,1000000,17299,57803748.87,,,17,0
goexec,16,64,5,Goexec,Empty,steady,1000000,20086,49785196.79,,,17,0
baseline,16,64,5,Goexec,Empty,steady,1000000,42553,23500105.75,,,17,0
go,16,64,5,Go,Empty,steady,1000000,250469,3992501.43,,,,
go,16,64,5,Go,CachedRead,steady,100032,1048397,95414.19,,,,
goexec,16,64,5,Goexec,CachedRead,steady,100032,987374,101311.15,,,19,1164
baseline,16,64,5,Goexec,CachedRead,steady,100032,988698,101175.46,,,18,1155
go,16,64,5,Go,Cpu,steady,100032,90997,1099281.93,,,,
goexec,16,64,5,Goexec,Cpu,steady,100032,102484,976071.13,,,17,0
baseline,16,64,5,Goexec,Cpu,steady,100032,86024,1162832.09,,,17,0
go,16,64,5,Go,SyscallWait,steady,4096,62414,65625.51,,,,
baseline,16,64,5,Goexec,SyscallWait,steady,4096,176537,23201.83,,,20,892
goexec,16,64,5,Goexec,SyscallWait,steady,4096,172456,23750.91,,,23,929
baseline,16,64,5,Goexec,Mixed,steady,8192,91595,89436.71,,,21,487
go,16,64,5,Go,Mixed,steady,8192,85547,95760.09,,,,
goexec,16,64,5,Goexec,Mixed,steady,8192,91904,89136.29,,,21,497
