repeat,parallelism,variant,engine,workload,phase,operations,elapsed_us,ops_per_sec,p50_ns,p99_ns,peak_workers,handoffs
0,4,baseline,Goexec,Yield,steady,32000000,520234,61510668.30,,,5,0
0,4,candidate,Goexec,Yield,steady,32000000,522729,61217120.75,,,5,0
0,4,cache-only,Goexec,Yield,steady,32000000,617921,51786544.76,,,5,0
0,4,cache-only,Goexec,Empty,steady,32000000,566514,56485743.86,,,5,0
0,4,candidate,Goexec,Empty,steady,32000000,618120,51769847.95,,,5,0
0,4,baseline,Goexec,Empty,steady,32000000,553591,57804325.25,,,5,0
0,16,cache-only,Goexec,Yield,steady,32000000,411153,77829860.28,,,17,0
0,16,candidate,Goexec,Yield,steady,32000000,359604,88986691.94,,,17,0
0,16,baseline,Goexec,Yield,steady,32000000,1334895,23971911.66,,,17,0
0,16,cache-only,Goexec,Empty,steady,32000000,471233,67906844.99,,,17,0
0,16,candidate,Goexec,Empty,steady,32000000,450559,71022832.41,,,17,0
0,16,baseline,Goexec,Empty,steady,32000000,1338013,23916047.20,,,17,0
1,4,baseline,Goexec,Yield,steady,32000000,483442,66191980.53,,,5,0
1,4,candidate,Goexec,Yield,steady,32000000,485799,65870841.64,,,5,0
1,4,cache-only,Goexec,Yield,steady,32000000,553525,57811252.47,,,5,0
1,4,cache-only,Goexec,Empty,steady,32000000,608827,52560054.48,,,5,0
1,4,baseline,Goexec,Empty,steady,32000000,491422,65117055.87,,,5,0
1,4,candidate,Goexec,Empty,steady,32000000,630654,50740973.45,,,5,0
1,16,baseline,Goexec,Yield,steady,32000000,1358867,23549025.85,,,17,0
1,16,cache-only,Goexec,Yield,steady,32000000,436184,73363534.66,,,17,0
1,16,candidate,Goexec,Yield,steady,32000000,537582,59525714.88,,,17,0
1,16,candidate,Goexec,Empty,steady,32000000,454921,70341761.23,,,17,0
1,16,cache-only,Goexec,Empty,steady,32000000,444465,71996656.55,,,17,0
1,16,baseline,Goexec,Empty,steady,32000000,1377258,23234561.34,,,17,0
2,4,cache-only,Goexec,Yield,steady,32000000,561483,56991921.87,,,5,0
2,4,baseline,Goexec,Yield,steady,32000000,476664,67133213.41,,,5,0
2,4,candidate,Goexec,Yield,steady,32000000,550336,58146243.25,,,5,0
2,4,baseline,Goexec,Empty,steady,32000000,536445,59651912.45,,,5,0
2,4,candidate,Goexec,Empty,steady,32000000,561886,56950973.85,,,5,0
2,4,cache-only,Goexec,Empty,steady,32000000,604057,52975122.18,,,5,0
2,16,cache-only,Goexec,Yield,steady,32000000,532849,60054475.94,,,17,0
2,16,baseline,Goexec,Yield,steady,32000000,1345710,23779261.57,,,17,0
2,16,candidate,Goexec,Yield,steady,32000000,482954,66258846.91,,,17,0
2,16,candidate,Goexec,Empty,steady,32000000,458143,69847155.59,,,17,0
2,16,cache-only,Goexec,Empty,steady,32000000,415741,76970913.98,,,17,0
2,16,baseline,Goexec,Empty,steady,32000000,1416438,22591873.24,,,17,0
3,4,cache-only,Goexec,Yield,steady,32000000,690581,46337763.10,,,5,0
3,4,baseline,Goexec,Yield,steady,32000000,558079,57339509.54,,,5,0
3,4,candidate,Goexec,Yield,steady,32000000,616556,51901188.46,,,5,0
3,4,baseline,Goexec,Empty,steady,32000000,493105,64894867.78,,,5,0
3,4,cache-only,Goexec,Empty,steady,32000000,563785,56759196.29,,,5,0
3,4,candidate,Goexec,Empty,steady,32000000,683230,46836302.33,,,5,0
3,16,cache-only,Goexec,Yield,steady,32000000,497748,64289517.17,,,17,0
3,16,candidate,Goexec,Yield,steady,32000000,461998,69264369.11,,,17,0
3,16,baseline,Goexec,Yield,steady,32000000,1317448,24289366.81,,,17,0
3,16,baseline,Goexec,Empty,steady,32000000,1527443,20950042.42,,,17,0
3,16,candidate,Goexec,Empty,steady,32000000,398632,80274497.04,,,17,0
3,16,cache-only,Goexec,Empty,steady,32000000,565392,56597900.22,,,17,0
4,4,candidate,Goexec,Yield,steady,32000000,586791,54533893.17,,,5,0
4,4,baseline,Goexec,Yield,steady,32000000,444518,71988085.97,,,5,0
4,4,cache-only,Goexec,Yield,steady,32000000,546547,58549330.52,,,5,0
4,4,candidate,Goexec,Empty,steady,32000000,464830,68842255.18,,,5,0
4,4,baseline,Goexec,Empty,steady,32000000,510333,62704094.48,,,5,0
4,4,cache-only,Goexec,Empty,steady,32000000,606427,52768051.88,,,5,0
4,16,candidate,Goexec,Yield,steady,32000000,399983,80003241.73,,,17,0
4,16,baseline,Goexec,Yield,steady,32000000,1338752,23902850.59,,,17,0
4,16,cache-only,Goexec,Yield,steady,32000000,509904,62756890.55,,,17,0
4,16,candidate,Goexec,Empty,steady,32000000,481722,66428257.31,,,17,0
4,16,baseline,Goexec,Empty,steady,32000000,1342843,23830023.43,,,17,0
4,16,cache-only,Goexec,Empty,steady,32000000,462133,69244035.41,,,17,0
5,4,candidate,Goexec,Yield,steady,32000000,615017,52031036.21,,,5,0
5,4,baseline,Goexec,Yield,steady,32000000,482403,66334521.84,,,5,0
5,4,cache-only,Goexec,Yield,steady,32000000,512187,62477130.32,,,5,0
5,4,baseline,Goexec,Empty,steady,32000000,503717,63527613.87,,,5,0
5,4,cache-only,Goexec,Empty,steady,32000000,739454,43275139.18,,,5,0
5,4,candidate,Goexec,Empty,steady,32000000,564803,56656830.87,,,5,0
5,16,candidate,Goexec,Yield,steady,32000000,491516,65104580.59,,,17,0
5,16,cache-only,Goexec,Yield,steady,32000000,498936,64136455.70,,,17,0
5,16,baseline,Goexec,Yield,steady,32000000,1357677,23569662.16,,,17,0
5,16,cache-only,Goexec,Empty,steady,32000000,423863,75495943.53,,,17,0
5,16,candidate,Goexec,Empty,steady,32000000,313334,102127428.59,,,17,0
5,16,baseline,Goexec,Empty,steady,32000000,1454817,21995881.03,,,17,0
6,4,cache-only,Goexec,Yield,steady,32000000,514061,62249391.49,,,5,0
6,4,baseline,Goexec,Yield,steady,32000000,485328,65934694.31,,,5,0
6,4,candidate,Goexec,Yield,steady,32000000,507682,63031520.68,,,5,0
6,4,baseline,Goexec,Empty,steady,32000000,477540,67009999.94,,,5,0
6,4,cache-only,Goexec,Empty,steady,32000000,664122,48183887.76,,,5,0
6,4,candidate,Goexec,Empty,steady,32000000,613649,52147070.82,,,5,0
6,16,cache-only,Goexec,Yield,steady,32000000,428248,74723028.53,,,17,0
6,16,baseline,Goexec,Yield,steady,32000000,1321847,24208533.05,,,17,0
6,16,candidate,Goexec,Yield,steady,32000000,405000,79012223.75,,,17,0
6,16,cache-only,Goexec,Empty,steady,32000000,462478,69192355.73,,,17,0
6,16,baseline,Goexec,Empty,steady,32000000,1367820,23394891.14,,,17,0
6,16,candidate,Goexec,Empty,steady,32000000,465514,68741084.12,,,17,0
